source	pathway	NES	padj	entrez	symbol
GO_BP	cilium assembly	-1.62428794932529	0.000904427745702281	80127	BBOF1
GO_BP	cilium assembly	-1.62428794932529	0.000904427745702281	317662	FAM149B1
GO_BP	cilium assembly	-1.62428794932529	0.000904427745702281	1756	DMD
GO_BP	cilium assembly	-1.62428794932529	0.000904427745702281	84984	CEP19
GO_BP	cilium assembly	-1.62428794932529	0.000904427745702281	10233	LRRC23
GO_BP	cilium assembly	-1.62428794932529	0.000904427745702281	79867	TCTN2
GO_BP	cilium assembly	-1.62428794932529	0.000904427745702281	9657	IQCB1
GO_BP	cilium assembly	-1.62428794932529	0.000904427745702281	401024	FSIP2
GO_BP	cilium assembly	-1.62428794932529	0.000904427745702281	1874	E2F4
GO_BP	cilium assembly	-1.62428794932529	0.000904427745702281	84314	TMEM107
GO_BP	cilium assembly	-1.62428794932529	0.000904427745702281	123016	TTC8
GO_BP	cilium assembly	-1.62428794932529	0.000904427745702281	57562	CEP126
GO_BP	cilium assembly	-1.62428794932529	0.000904427745702281	85377	MICALL1
GO_BP	cilium assembly	-1.62428794932529	0.000904427745702281	7016	TESK1
GO_BP	cilium assembly	-1.62428794932529	0.000904427745702281	9786	KIAA0586
GO_BP	cilium assembly	-1.62428794932529	0.000904427745702281	115704	EVI5L
GO_BP	cilium assembly	-1.62428794932529	0.000904427745702281	83547	RILP
GO_BP	cilium assembly	-1.62428794932529	0.000904427745702281	27077	B9D1
GO_BP	cilium assembly	-1.62428794932529	0.000904427745702281	585	BBS4
GO_BP	cilium assembly	-1.62428794932529	0.000904427745702281	57728	WDR19
GO_BP	cilium assembly	-1.62428794932529	0.000904427745702281	29105	CFAP20
GO_BP	cilium assembly	-1.62428794932529	0.000904427745702281	11127	KIF3A
GO_BP	cilium assembly	-1.62428794932529	0.000904427745702281	4851	NOTCH1
GO_BP	cilium assembly	-1.62428794932529	0.000904427745702281	80321	CEP70
GO_BP	cilium assembly	-1.62428794932529	0.000904427745702281	57639	CCDC146
GO_BP	cilium assembly	-1.62428794932529	0.000904427745702281	6674	SPAG1
GO_BP	cilium assembly	-1.62428794932529	0.000904427745702281	55717	WDR11
GO_BP	cilium assembly	-1.62428794932529	0.000904427745702281	79582	SPAG16
GO_BP	cilium assembly	-1.62428794932529	0.000904427745702281	30844	EHD4
GO_BP	cilium assembly	-1.62428794932529	0.000904427745702281	92482	BBIP1
GO_BP	cilium assembly	-1.62428794932529	0.000904427745702281	85302	FBF1
GO_BP	cilium assembly	-1.62428794932529	0.000904427745702281	2622	DRC4
GO_BP	cilium assembly	-1.62428794932529	0.000904427745702281	11158	RABL2B
GO_BP	cilium assembly	-1.62428794932529	0.000904427745702281	84140	FAM161A
GO_BP	cilium assembly	-1.62428794932529	0.000904427745702281	80210	ARMC9
GO_BP	cilium assembly	-1.62428794932529	0.000904427745702281	27185	DISC1
GO_BP	cilium assembly	-1.62428794932529	0.000904427745702281	79864	JHY
GO_BP	cilium assembly	-1.62428794932529	0.000904427745702281	100507003	GFY
GO_BP	cilium assembly	-1.62428794932529	0.000904427745702281	4957	ODF2
GO_BP	cilium assembly	-1.62428794932529	0.000904427745702281	221908	PPP1R35
GO_BP	cilium assembly	-1.62428794932529	0.000904427745702281	56912	IFT46
GO_BP	cilium assembly	-1.62428794932529	0.000904427745702281	27152	INTU
GO_BP	cilium assembly	-1.62428794932529	0.000904427745702281	8632	DNAH17
GO_BP	cilium assembly	-1.62428794932529	0.000904427745702281	7802	DNALI1
GO_BP	cilium assembly	-1.62428794932529	0.000904427745702281	54919	DNAAF5
GO_BP	cilium assembly	-1.62428794932529	0.000904427745702281	79659	DYNC2H1
GO_BP	cilium assembly	-1.62428794932529	0.000904427745702281	200894	ARL13B
GO_BP	cilium assembly	-1.62428794932529	0.000904427745702281	25930	PTPN23
GO_BP	cilium assembly	-1.62428794932529	0.000904427745702281	3784	KCNQ1
GO_BP	cilium assembly	-1.62428794932529	0.000904427745702281	1952	CELSR2
GO_BP	cilium assembly	-1.62428794932529	0.000904427745702281	85478	DRC2
GO_BP	cilium assembly	-1.62428794932529	0.000904427745702281	30845	EHD3
GO_BP	cilium assembly	-1.62428794932529	0.000904427745702281	9742	IFT140
GO_BP	cilium assembly	-1.62428794932529	0.000904427745702281	129880	BBS5
GO_BP	cilium assembly	-1.62428794932529	0.000904427745702281	55112	DYNC2I1
GO_BP	cilium assembly	-1.62428794932529	0.000904427745702281	29070	CFAP263
GO_BP	cilium assembly	-1.62428794932529	0.000904427745702281	159686	CFAP58
GO_BP	cilium assembly	-1.62428794932529	0.000904427745702281	282809	POC1B
GO_BP	cilium assembly	-1.62428794932529	0.000904427745702281	9727	RAB11FIP3
GO_BP	cilium assembly	-1.62428794932529	0.000904427745702281	28981	IFT81
GO_BP	cilium assembly	-1.62428794932529	0.000904427745702281	79969	ATAT1
GO_BP	cilium assembly	-1.62428794932529	0.000904427745702281	25981	DNAH1
GO_BP	cilium assembly	-1.62428794932529	0.000904427745702281	9342	SNAP29
GO_BP	cilium assembly	-1.62428794932529	0.000904427745702281	583	BBS2
GO_BP	cilium assembly	-1.62428794932529	0.000904427745702281	1453	CSNK1D
GO_BP	cilium assembly	-1.62428794932529	0.000904427745702281	8729	GBF1
GO_BP	cilium assembly	-1.62428794932529	0.000904427745702281	3064	HTT
GO_BP	cilium assembly	-1.62428794932529	0.000904427745702281	284001	CCDC57
GO_BP	cilium assembly	-1.62428794932529	0.000904427745702281	137392	CIBAR1
GO_BP	cilium assembly	-1.62428794932529	0.000904427745702281	84062	DTNBP1
GO_BP	cilium assembly	-1.62428794932529	0.000904427745702281	22994	CEP131
GO_BP	cilium assembly	-1.62428794932529	0.000904427745702281	153241	CEP120
GO_BP	cilium assembly	-1.62428794932529	0.000904427745702281	65250	CPLANE1
GO_BP	cilium assembly	-1.62428794932529	0.000904427745702281	55036	CCDC40
GO_BP	cilium assembly	-1.62428794932529	0.000904427745702281	54903	MKS1
GO_BP	cilium assembly	-1.62428794932529	0.000904427745702281	22858	CILK1
GO_BP	cilium assembly	-1.62428794932529	0.000904427745702281	11020	IFT27
GO_BP	cilium assembly	-1.62428794932529	0.000904427745702281	11190	CEP250
GO_BP	cilium assembly	-1.62428794932529	0.000904427745702281	25809	TTLL1
GO_BP	cilium assembly	-1.62428794932529	0.000904427745702281	23224	SYNE2
GO_BP	cilium assembly	-1.62428794932529	0.000904427745702281	56623	INPP5E
GO_BP	cilium assembly	-1.62428794932529	0.000904427745702281	116840	CNTROB
GO_BP	cilium assembly	-1.62428794932529	0.000904427745702281	57787	MARK4
GO_BP	cilium assembly	-1.62428794932529	0.000904427745702281	10013	HDAC6
GO_BP	cilium assembly	-1.62428794932529	0.000904427745702281	63917	GALNT11
GO_BP	cilium assembly	-1.62428794932529	0.000904427745702281	146057	TTBK2
GO_BP	cilium assembly	-1.62428794932529	0.000904427745702281	10801	SEPTIN9
GO_BP	cilium assembly	-1.62428794932529	0.000904427745702281	10198	MPHOSPH9
GO_BP	cilium assembly	-1.62428794932529	0.000904427745702281	30846	EHD2
GO_BP	cilium assembly	-1.62428794932529	0.000904427745702281	353116	RILPL1
GO_BP	cilium assembly	-1.62428794932529	0.000904427745702281	29887	SNX10
GO_BP	cilium assembly	-1.62428794932529	0.000904427745702281	26140	TTLL3
GO_BP	cilium assembly	-1.62428794932529	0.000904427745702281	1183	CLCN4
GO_BP	cilium assembly	-1.62428794932529	0.000904427745702281	22873	DZIP1
GO_BP	cilium assembly	-1.62428794932529	0.000904427745702281	144132	DNHD1
GO_BP	cilium assembly	-1.62428794932529	0.000904427745702281	4952	OCRL
GO_BP	cilium assembly	-1.62428794932529	0.000904427745702281	84260	TCHP
GO_BP	cilium assembly	-1.62428794932529	0.000904427745702281	207	AKT1
GO_BP	cilium organization	-1.62481559306027	0.00118968607936317	27077	B9D1
GO_BP	cilium organization	-1.62481559306027	0.00118968607936317	585	BBS4
GO_BP	cilium organization	-1.62481559306027	0.00118968607936317	57728	WDR19
GO_BP	cilium organization	-1.62481559306027	0.00118968607936317	983	CDK1
GO_BP	cilium organization	-1.62481559306027	0.00118968607936317	29105	CFAP20
GO_BP	cilium organization	-1.62481559306027	0.00118968607936317	11127	KIF3A
GO_BP	cilium organization	-1.62481559306027	0.00118968607936317	90416	CCDC32
GO_BP	cilium organization	-1.62481559306027	0.00118968607936317	4851	NOTCH1
GO_BP	cilium organization	-1.62481559306027	0.00118968607936317	80321	CEP70
GO_BP	cilium organization	-1.62481559306027	0.00118968607936317	57639	CCDC146
GO_BP	cilium organization	-1.62481559306027	0.00118968607936317	6674	SPAG1
GO_BP	cilium organization	-1.62481559306027	0.00118968607936317	55717	WDR11
GO_BP	cilium organization	-1.62481559306027	0.00118968607936317	79582	SPAG16
GO_BP	cilium organization	-1.62481559306027	0.00118968607936317	30844	EHD4
GO_BP	cilium organization	-1.62481559306027	0.00118968607936317	92482	BBIP1
GO_BP	cilium organization	-1.62481559306027	0.00118968607936317	85302	FBF1
GO_BP	cilium organization	-1.62481559306027	0.00118968607936317	2622	DRC4
GO_BP	cilium organization	-1.62481559306027	0.00118968607936317	11158	RABL2B
GO_BP	cilium organization	-1.62481559306027	0.00118968607936317	84140	FAM161A
GO_BP	cilium organization	-1.62481559306027	0.00118968607936317	80210	ARMC9
GO_BP	cilium organization	-1.62481559306027	0.00118968607936317	27185	DISC1
GO_BP	cilium organization	-1.62481559306027	0.00118968607936317	22920	KIFAP3
GO_BP	cilium organization	-1.62481559306027	0.00118968607936317	79864	JHY
GO_BP	cilium organization	-1.62481559306027	0.00118968607936317	25914	RTTN
GO_BP	cilium organization	-1.62481559306027	0.00118968607936317	100507003	GFY
GO_BP	cilium organization	-1.62481559306027	0.00118968607936317	4957	ODF2
GO_BP	cilium organization	-1.62481559306027	0.00118968607936317	221908	PPP1R35
GO_BP	cilium organization	-1.62481559306027	0.00118968607936317	56912	IFT46
GO_BP	cilium organization	-1.62481559306027	0.00118968607936317	27152	INTU
GO_BP	cilium organization	-1.62481559306027	0.00118968607936317	8632	DNAH17
GO_BP	cilium organization	-1.62481559306027	0.00118968607936317	7802	DNALI1
GO_BP	cilium organization	-1.62481559306027	0.00118968607936317	54919	DNAAF5
GO_BP	cilium organization	-1.62481559306027	0.00118968607936317	79659	DYNC2H1
GO_BP	cilium organization	-1.62481559306027	0.00118968607936317	200894	ARL13B
GO_BP	cilium organization	-1.62481559306027	0.00118968607936317	25930	PTPN23
GO_BP	cilium organization	-1.62481559306027	0.00118968607936317	3784	KCNQ1
GO_BP	cilium organization	-1.62481559306027	0.00118968607936317	1952	CELSR2
GO_BP	cilium organization	-1.62481559306027	0.00118968607936317	85478	DRC2
GO_BP	cilium organization	-1.62481559306027	0.00118968607936317	30845	EHD3
GO_BP	cilium organization	-1.62481559306027	0.00118968607936317	9742	IFT140
GO_BP	cilium organization	-1.62481559306027	0.00118968607936317	129880	BBS5
GO_BP	cilium organization	-1.62481559306027	0.00118968607936317	55112	DYNC2I1
GO_BP	cilium organization	-1.62481559306027	0.00118968607936317	29070	CFAP263
GO_BP	cilium organization	-1.62481559306027	0.00118968607936317	159686	CFAP58
GO_BP	cilium organization	-1.62481559306027	0.00118968607936317	282809	POC1B
GO_BP	cilium organization	-1.62481559306027	0.00118968607936317	9727	RAB11FIP3
GO_BP	cilium organization	-1.62481559306027	0.00118968607936317	28981	IFT81
GO_BP	cilium organization	-1.62481559306027	0.00118968607936317	79969	ATAT1
GO_BP	cilium organization	-1.62481559306027	0.00118968607936317	25981	DNAH1
GO_BP	cilium organization	-1.62481559306027	0.00118968607936317	9342	SNAP29
GO_BP	cilium organization	-1.62481559306027	0.00118968607936317	583	BBS2
GO_BP	cilium organization	-1.62481559306027	0.00118968607936317	1453	CSNK1D
GO_BP	cilium organization	-1.62481559306027	0.00118968607936317	8729	GBF1
GO_BP	cilium organization	-1.62481559306027	0.00118968607936317	3064	HTT
GO_BP	cilium organization	-1.62481559306027	0.00118968607936317	284001	CCDC57
GO_BP	cilium organization	-1.62481559306027	0.00118968607936317	137392	CIBAR1
GO_BP	cilium organization	-1.62481559306027	0.00118968607936317	84062	DTNBP1
GO_BP	cilium organization	-1.62481559306027	0.00118968607936317	22994	CEP131
GO_BP	cilium organization	-1.62481559306027	0.00118968607936317	153241	CEP120
GO_BP	cilium organization	-1.62481559306027	0.00118968607936317	65250	CPLANE1
GO_BP	cilium organization	-1.62481559306027	0.00118968607936317	55036	CCDC40
GO_BP	cilium organization	-1.62481559306027	0.00118968607936317	54903	MKS1
GO_BP	cilium organization	-1.62481559306027	0.00118968607936317	22858	CILK1
GO_BP	cilium organization	-1.62481559306027	0.00118968607936317	11020	IFT27
GO_BP	cilium organization	-1.62481559306027	0.00118968607936317	11190	CEP250
GO_BP	cilium organization	-1.62481559306027	0.00118968607936317	25809	TTLL1
GO_BP	cilium organization	-1.62481559306027	0.00118968607936317	23224	SYNE2
GO_BP	cilium organization	-1.62481559306027	0.00118968607936317	56623	INPP5E
GO_BP	cilium organization	-1.62481559306027	0.00118968607936317	116840	CNTROB
GO_BP	cilium organization	-1.62481559306027	0.00118968607936317	57787	MARK4
GO_BP	cilium organization	-1.62481559306027	0.00118968607936317	10013	HDAC6
GO_BP	cilium organization	-1.62481559306027	0.00118968607936317	63917	GALNT11
GO_BP	cilium organization	-1.62481559306027	0.00118968607936317	146057	TTBK2
GO_BP	cilium organization	-1.62481559306027	0.00118968607936317	10801	SEPTIN9
GO_BP	cilium organization	-1.62481559306027	0.00118968607936317	79096	CSTPP1
GO_BP	cilium organization	-1.62481559306027	0.00118968607936317	10198	MPHOSPH9
GO_BP	cilium organization	-1.62481559306027	0.00118968607936317	30846	EHD2
GO_BP	cilium organization	-1.62481559306027	0.00118968607936317	353116	RILPL1
GO_BP	cilium organization	-1.62481559306027	0.00118968607936317	29887	SNX10
GO_BP	cilium organization	-1.62481559306027	0.00118968607936317	26140	TTLL3
GO_BP	cilium organization	-1.62481559306027	0.00118968607936317	1183	CLCN4
GO_BP	cilium organization	-1.62481559306027	0.00118968607936317	22873	DZIP1
GO_BP	cilium organization	-1.62481559306027	0.00118968607936317	144132	DNHD1
GO_BP	cilium organization	-1.62481559306027	0.00118968607936317	6790	AURKA
GO_BP	cilium organization	-1.62481559306027	0.00118968607936317	4952	OCRL
GO_BP	cilium organization	-1.62481559306027	0.00118968607936317	84260	TCHP
GO_BP	cilium organization	-1.62481559306027	0.00118968607936317	207	AKT1
GO_BP	motile cilium assembly	-1.85847666969884	0.0191305302456625	80127	BBOF1
GO_BP	motile cilium assembly	-1.85847666969884	0.0191305302456625	1756	DMD
GO_BP	motile cilium assembly	-1.85847666969884	0.0191305302456625	401024	FSIP2
GO_BP	motile cilium assembly	-1.85847666969884	0.0191305302456625	1874	E2F4
GO_BP	motile cilium assembly	-1.85847666969884	0.0191305302456625	585	BBS4
GO_BP	motile cilium assembly	-1.85847666969884	0.0191305302456625	57639	CCDC146
GO_BP	motile cilium assembly	-1.85847666969884	0.0191305302456625	79582	SPAG16
GO_BP	motile cilium assembly	-1.85847666969884	0.0191305302456625	79864	JHY
GO_BP	motile cilium assembly	-1.85847666969884	0.0191305302456625	27152	INTU
GO_BP	motile cilium assembly	-1.85847666969884	0.0191305302456625	7802	DNALI1
GO_BP	motile cilium assembly	-1.85847666969884	0.0191305302456625	129880	BBS5
GO_BP	motile cilium assembly	-1.85847666969884	0.0191305302456625	159686	CFAP58
GO_BP	motile cilium assembly	-1.85847666969884	0.0191305302456625	282809	POC1B
GO_BP	motile cilium assembly	-1.85847666969884	0.0191305302456625	28981	IFT81
GO_BP	motile cilium assembly	-1.85847666969884	0.0191305302456625	25981	DNAH1
GO_BP	motile cilium assembly	-1.85847666969884	0.0191305302456625	583	BBS2
GO_BP	motile cilium assembly	-1.85847666969884	0.0191305302456625	22994	CEP131
GO_BP	motile cilium assembly	-1.85847666969884	0.0191305302456625	55036	CCDC40
GO_BP	motile cilium assembly	-1.85847666969884	0.0191305302456625	54903	MKS1
GO_BP	motile cilium assembly	-1.85847666969884	0.0191305302456625	25809	TTLL1
GO_BP	motile cilium assembly	-1.85847666969884	0.0191305302456625	22873	DZIP1
GO_BP	motile cilium assembly	-1.85847666969884	0.0191305302456625	144132	DNHD1
GO_BP	positive regulation of cilium assembly	-1.87278063113408	0.0270990577155661	221908	PPP1R35
GO_BP	positive regulation of cilium assembly	-1.87278063113408	0.0270990577155661	9727	RAB11FIP3
GO_BP	positive regulation of cilium assembly	-1.87278063113408	0.0270990577155661	3064	HTT
GO_BP	positive regulation of cilium assembly	-1.87278063113408	0.0270990577155661	153241	CEP120
GO_BP	positive regulation of cilium assembly	-1.87278063113408	0.0270990577155661	57787	MARK4
GO_BP	positive regulation of cilium assembly	-1.87278063113408	0.0270990577155661	146057	TTBK2
GO_BP	positive regulation of cilium assembly	-1.87278063113408	0.0270990577155661	10801	SEPTIN9
GO_BP	positive regulation of cilium assembly	-1.87278063113408	0.0270990577155661	22873	DZIP1
GO_BP	positive regulation of cilium assembly	-1.87278063113408	0.0270990577155661	207	AKT1
GO_BP	protein localization to cilium	-1.63797873459803	0.0418778474096833	317662	FAM149B1
GO_BP	protein localization to cilium	-1.63797873459803	0.0418778474096833	79867	TCTN2
GO_BP	protein localization to cilium	-1.63797873459803	0.0418778474096833	401024	FSIP2
GO_BP	protein localization to cilium	-1.63797873459803	0.0418778474096833	84314	TMEM107
GO_BP	protein localization to cilium	-1.63797873459803	0.0418778474096833	85377	MICALL1
GO_BP	protein localization to cilium	-1.63797873459803	0.0418778474096833	55812	SPATA7
GO_BP	protein localization to cilium	-1.63797873459803	0.0418778474096833	585	BBS4
GO_BP	protein localization to cilium	-1.63797873459803	0.0418778474096833	57728	WDR19
GO_BP	protein localization to cilium	-1.63797873459803	0.0418778474096833	26088	GGA1
GO_BP	protein localization to cilium	-1.63797873459803	0.0418778474096833	92482	BBIP1
GO_BP	protein localization to cilium	-1.63797873459803	0.0418778474096833	2622	DRC4
GO_BP	protein localization to cilium	-1.63797873459803	0.0418778474096833	100507003	GFY
GO_BP	protein localization to cilium	-1.63797873459803	0.0418778474096833	79659	DYNC2H1
GO_BP	protein localization to cilium	-1.63797873459803	0.0418778474096833	200894	ARL13B
GO_BP	protein localization to cilium	-1.63797873459803	0.0418778474096833	9742	IFT140
GO_BP	protein localization to cilium	-1.63797873459803	0.0418778474096833	159686	CFAP58
GO_BP	protein localization to cilium	-1.63797873459803	0.0418778474096833	9727	RAB11FIP3
GO_BP	protein localization to cilium	-1.63797873459803	0.0418778474096833	1453	CSNK1D
GO_BP	protein localization to cilium	-1.63797873459803	0.0418778474096833	55036	CCDC40
GO_BP	protein localization to cilium	-1.63797873459803	0.0418778474096833	56623	INPP5E
GO_BP	protein localization to cilium	-1.63797873459803	0.0418778474096833	27130	INVS
GO_BP	protein localization to cilium	-1.63797873459803	0.0418778474096833	29887	SNX10
GO_BP	protein localization to cilium	-1.63797873459803	0.0418778474096833	22873	DZIP1
GO_BP	protein localization to cilium	-1.63797873459803	0.0418778474096833	207	AKT1
Reactome	Cilium Assembly	-1.69600841940713	0.000485685510458413	10376	TUBA1B
Reactome	Cilium Assembly	-1.69600841940713	0.000485685510458413	54930	HAUS4
Reactome	Cilium Assembly	-1.69600841940713	0.000485685510458413	1781	DYNC1I2
Reactome	Cilium Assembly	-1.69600841940713	0.000485685510458413	80254	CEP63
Reactome	Cilium Assembly	-1.69600841940713	0.000485685510458413	79867	TCTN2
Reactome	Cilium Assembly	-1.69600841940713	0.000485685510458413	9657	IQCB1
Reactome	Cilium Assembly	-1.69600841940713	0.000485685510458413	5147	PDE6D
Reactome	Cilium Assembly	-1.69600841940713	0.000485685510458413	149371	EXOC8
Reactome	Cilium Assembly	-1.69600841940713	0.000485685510458413	123016	TTC8
Reactome	Cilium Assembly	-1.69600841940713	0.000485685510458413	4867	NPHP1
Reactome	Cilium Assembly	-1.69600841940713	0.000485685510458413	55763	EXOC1
Reactome	Cilium Assembly	-1.69600841940713	0.000485685510458413	200132	DYNLT5
Reactome	Cilium Assembly	-1.69600841940713	0.000485685510458413	27077	B9D1
Reactome	Cilium Assembly	-1.69600841940713	0.000485685510458413	585	BBS4
Reactome	Cilium Assembly	-1.69600841940713	0.000485685510458413	57728	WDR19
Reactome	Cilium Assembly	-1.69600841940713	0.000485685510458413	83658	DYNLRB1
Reactome	Cilium Assembly	-1.69600841940713	0.000485685510458413	4751	NEK2
Reactome	Cilium Assembly	-1.69600841940713	0.000485685510458413	983	CDK1
Reactome	Cilium Assembly	-1.69600841940713	0.000485685510458413	11127	KIF3A
Reactome	Cilium Assembly	-1.69600841940713	0.000485685510458413	80321	CEP70
Reactome	Cilium Assembly	-1.69600841940713	0.000485685510458413	92482	BBIP1
Reactome	Cilium Assembly	-1.69600841940713	0.000485685510458413	85302	FBF1
Reactome	Cilium Assembly	-1.69600841940713	0.000485685510458413	60412	EXOC4
Reactome	Cilium Assembly	-1.69600841940713	0.000485685510458413	55722	CEP72
Reactome	Cilium Assembly	-1.69600841940713	0.000485685510458413	22920	KIFAP3
Reactome	Cilium Assembly	-1.69600841940713	0.000485685510458413	3797	KIF3C
Reactome	Cilium Assembly	-1.69600841940713	0.000485685510458413	4957	ODF2
Reactome	Cilium Assembly	-1.69600841940713	0.000485685510458413	56912	IFT46
Reactome	Cilium Assembly	-1.69600841940713	0.000485685510458413	121441	NEDD1
Reactome	Cilium Assembly	-1.69600841940713	0.000485685510458413	79659	DYNC2H1
Reactome	Cilium Assembly	-1.69600841940713	0.000485685510458413	200894	ARL13B
Reactome	Cilium Assembly	-1.69600841940713	0.000485685510458413	9742	IFT140
Reactome	Cilium Assembly	-1.69600841940713	0.000485685510458413	129880	BBS5
Reactome	Cilium Assembly	-1.69600841940713	0.000485685510458413	55112	DYNC2I1
Reactome	Cilium Assembly	-1.69600841940713	0.000485685510458413	7283	TUBG1
Reactome	Cilium Assembly	-1.69600841940713	0.000485685510458413	7846	TUBA1A
Reactome	Cilium Assembly	-1.69600841940713	0.000485685510458413	57576	KIF17
Reactome	Cilium Assembly	-1.69600841940713	0.000485685510458413	9727	RAB11FIP3
Reactome	Cilium Assembly	-1.69600841940713	0.000485685510458413	28981	IFT81
Reactome	Cilium Assembly	-1.69600841940713	0.000485685510458413	79969	ATAT1
Reactome	Cilium Assembly	-1.69600841940713	0.000485685510458413	583	BBS2
Reactome	Cilium Assembly	-1.69600841940713	0.000485685510458413	1453	CSNK1D
Reactome	Cilium Assembly	-1.69600841940713	0.000485685510458413	8729	GBF1
Reactome	Cilium Assembly	-1.69600841940713	0.000485685510458413	55125	CEP192
Reactome	Cilium Assembly	-1.69600841940713	0.000485685510458413	22981	NINL
Reactome	Cilium Assembly	-1.69600841940713	0.000485685510458413	22994	CEP131
Reactome	Cilium Assembly	-1.69600841940713	0.000485685510458413	6991	DYNLT2
Reactome	Cilium Assembly	-1.69600841940713	0.000485685510458413	54903	MKS1
Reactome	Cilium Assembly	-1.69600841940713	0.000485685510458413	54820	NDE1
Reactome	Cilium Assembly	-1.69600841940713	0.000485685510458413	11020	IFT27
Reactome	Cilium Assembly	-1.69600841940713	0.000485685510458413	11190	CEP250
Reactome	Cilium Assembly	-1.69600841940713	0.000485685510458413	54801	HAUS6
Reactome	Cilium Assembly	-1.69600841940713	0.000485685510458413	10121	ACTR1A
Reactome	Cilium Assembly	-1.69600841940713	0.000485685510458413	23265	EXOC7
Reactome	Cilium Assembly	-1.69600841940713	0.000485685510458413	56623	INPP5E
Reactome	Cilium Assembly	-1.69600841940713	0.000485685510458413	10540	DCTN2
Reactome	Cilium Assembly	-1.69600841940713	0.000485685510458413	9793	CKAP5
Reactome	Cilium Assembly	-1.69600841940713	0.000485685510458413	57787	MARK4
Reactome	Cilium Assembly	-1.69600841940713	0.000485685510458413	10013	HDAC6
Reactome	Cilium Assembly	-1.69600841940713	0.000485685510458413	146057	TTBK2
Reactome	Cilium Assembly	-1.69600841940713	0.000485685510458413	5566	PRKACA
Reactome	Cilium Assembly	-1.69600841940713	0.000485685510458413	1778	DYNC1H1
Reactome	Cilium Assembly	-1.69600841940713	0.000485685510458413	5347	PLK1
Reactome	Cilium Assembly	-1.69600841940713	0.000485685510458413	11064	CNTRL
Reactome	Cilium Assembly	-1.69600841940713	0.000485685510458413	10383	TUBB4B
Reactome	Anchoring of the basal body to the plasma membrane	-1.81601907210024	0.00190676610981717	54930	HAUS4
Reactome	Anchoring of the basal body to the plasma membrane	-1.81601907210024	0.00190676610981717	1781	DYNC1I2
Reactome	Anchoring of the basal body to the plasma membrane	-1.81601907210024	0.00190676610981717	80254	CEP63
Reactome	Anchoring of the basal body to the plasma membrane	-1.81601907210024	0.00190676610981717	79867	TCTN2
Reactome	Anchoring of the basal body to the plasma membrane	-1.81601907210024	0.00190676610981717	9657	IQCB1
Reactome	Anchoring of the basal body to the plasma membrane	-1.81601907210024	0.00190676610981717	4867	NPHP1
Reactome	Anchoring of the basal body to the plasma membrane	-1.81601907210024	0.00190676610981717	27077	B9D1
Reactome	Anchoring of the basal body to the plasma membrane	-1.81601907210024	0.00190676610981717	4751	NEK2
Reactome	Anchoring of the basal body to the plasma membrane	-1.81601907210024	0.00190676610981717	983	CDK1
Reactome	Anchoring of the basal body to the plasma membrane	-1.81601907210024	0.00190676610981717	80321	CEP70
Reactome	Anchoring of the basal body to the plasma membrane	-1.81601907210024	0.00190676610981717	85302	FBF1
Reactome	Anchoring of the basal body to the plasma membrane	-1.81601907210024	0.00190676610981717	55722	CEP72
Reactome	Anchoring of the basal body to the plasma membrane	-1.81601907210024	0.00190676610981717	4957	ODF2
Reactome	Anchoring of the basal body to the plasma membrane	-1.81601907210024	0.00190676610981717	121441	NEDD1
Reactome	Anchoring of the basal body to the plasma membrane	-1.81601907210024	0.00190676610981717	7283	TUBG1
Reactome	Anchoring of the basal body to the plasma membrane	-1.81601907210024	0.00190676610981717	7846	TUBA1A
Reactome	Anchoring of the basal body to the plasma membrane	-1.81601907210024	0.00190676610981717	1453	CSNK1D
Reactome	Anchoring of the basal body to the plasma membrane	-1.81601907210024	0.00190676610981717	55125	CEP192
Reactome	Anchoring of the basal body to the plasma membrane	-1.81601907210024	0.00190676610981717	22981	NINL
Reactome	Anchoring of the basal body to the plasma membrane	-1.81601907210024	0.00190676610981717	22994	CEP131
Reactome	Anchoring of the basal body to the plasma membrane	-1.81601907210024	0.00190676610981717	54903	MKS1
Reactome	Anchoring of the basal body to the plasma membrane	-1.81601907210024	0.00190676610981717	54820	NDE1
Reactome	Anchoring of the basal body to the plasma membrane	-1.81601907210024	0.00190676610981717	11190	CEP250
Reactome	Anchoring of the basal body to the plasma membrane	-1.81601907210024	0.00190676610981717	54801	HAUS6
Reactome	Anchoring of the basal body to the plasma membrane	-1.81601907210024	0.00190676610981717	10121	ACTR1A
Reactome	Anchoring of the basal body to the plasma membrane	-1.81601907210024	0.00190676610981717	10540	DCTN2
Reactome	Anchoring of the basal body to the plasma membrane	-1.81601907210024	0.00190676610981717	9793	CKAP5
Reactome	Anchoring of the basal body to the plasma membrane	-1.81601907210024	0.00190676610981717	57787	MARK4
Reactome	Anchoring of the basal body to the plasma membrane	-1.81601907210024	0.00190676610981717	146057	TTBK2
Reactome	Anchoring of the basal body to the plasma membrane	-1.81601907210024	0.00190676610981717	5566	PRKACA
Reactome	Anchoring of the basal body to the plasma membrane	-1.81601907210024	0.00190676610981717	1778	DYNC1H1
Reactome	Anchoring of the basal body to the plasma membrane	-1.81601907210024	0.00190676610981717	5347	PLK1
Reactome	Anchoring of the basal body to the plasma membrane	-1.81601907210024	0.00190676610981717	11064	CNTRL
Reactome	Anchoring of the basal body to the plasma membrane	-1.81601907210024	0.00190676610981717	10383	TUBB4B
