ID	Description	GeneRatio	BgRatio	RichFactor	FoldEnrichment	zScore	pvalue	p.adjust	qvalue	geneID	Count
R-HSA-9958863	SLC-mediated transport of amino acids	12/367	29/7999	0.413793103448276	9.01888565254158	9.48611553989632	1.86389301175572e-09	1.54703119975725e-06	1.45579854181342e-06	SLC1A5/SLC7A1/SLC7A2/SLC7A7/SLC6A15/SLC38A2/SLC7A5/SLC1A3/SLC6A6/SLC1A4/SLC7A11/SLC38A4	12
R-HSA-352230	Amino acid transport across the plasma membrane	11/367	25/7999	0.44	9.59008174386921	9.43265035422011	4.08320477575618e-09	1.69452998193882e-06	1.59459891769005e-06	SLC1A5/SLC7A1/SLC7A2/SLC7A7/SLC6A15/SLC38A2/SLC7A5/SLC6A6/SLC1A4/SLC7A11/SLC38A4	11
R-HSA-425407	SLC-mediated transmembrane transport	23/367	150/7999	0.153333333333333	3.34199818346957	6.3493544206344	2.87090564120795e-07	7.94283894067534e-05	7.47442802026773e-05	SLC6A9/SLC40A1/SLC1A5/SLC7A1/SLC39A14/SLC7A2/SLC7A7/SLC6A15/SLC38A2/SLC7A5/SLC1A3/SLC4A7/SLC6A6/SLC16A7/SLC2A3/SLC8A2/SLC1A4/SLC16A3/RUNX1/SLC8A1/SLC7A11/SLC38A4/SLC15A3	23
R-HSA-416700	Other semaphorin interactions	7/367	15/7999	0.466666666666667	10.1712988192552	7.79598079211445	1.89088972649182e-06	0.000390396254376675	0.000367373520288513	SEMA3E/PLXNA2/PLXNA4/PLXNC1/PLXND1/SEMA5A/SEMA7A	7
R-HSA-9006934	Signaling by Receptor Tyrosine Kinases	43/367	446/7999	0.0964125560538117	2.10137339475324	5.2486404057429	2.35178466491973e-06	0.000390396254376675	0.000367373520288513	SPINT1/LAMC2/SPRY1/KIT/SPRY2/ESRP1/PDGFB/EGR1/DUSP6/PTPN3/FGF18/TGFA/F3/PDGFA/THBS1/KDR/NRG1/PRDM1/TRIB1/ADAM12/GABRG3/FLT1/PGF/ESRP2/DUSP7/NGF/ADCYAP1R1/VEGFA/TRIB3/NRG3/MYC/FOSL1/ITPR3/SH2B3/MAPK13/CXCL12/VEGFC/DUSP4/FOS/HBEGF/CAV1/ITGA3/JAK3	43
R-HSA-500792	GPCR ligand binding	20/367	136/7999	0.147058823529412	3.20524122455522	5.6876906855534	3.38201168956517e-06	0.000428495777164682	0.00040322621009029	LPAR1/FZD8/RAMP2/F2RL1/ADM2/ADRA2B/APLN/EDN1/LPAR3/ADM/F2RL2/OPRD1/ADCYAP1R1/CXCL16/S1PR3/GRM4/ADRA1D/CXCL12/FZD9/FZD5	20
R-HSA-9830369	Kidney development	9/367	29/7999	0.310344827586207	6.76416423940618	6.81884370662088	3.61381980741298e-06	0.000428495777164682	0.00040322621009029	NPNT/IRX2/FOXC1/FOXC2/RET/GATA3/JAG1/PCDH19/SIX1	9
R-HSA-6785807	Interleukin-4 and Interleukin-13 signaling	12/367	68/7999	0.176470588235294	3.84628946946626	5.16861398822469	5.15705737054563e-05	0.0053504470219411	0.00503491653808534	PIM1/GATA3/IL4R/OPRD1/TWIST1/VEGFA/MYC/FOS/TGFB1/LIF/HMOX1/JAK3	12
R-HSA-372790	Signaling by GPCR	31/367	323/7999	0.0959752321981424	2.09184164128867	4.39236055705984	7.13538120833957e-05	0.00658040711435761	0.0061923425223251	LPAR1/FZD8/RAMP2/PRKCH/ARHGEF19/F2RL1/ADM2/ADRA2B/APLN/EDN1/RGS16/GPR176/LPAR3/ADM/RGS20/F2RL2/OPRD1/RGS10/ADCYAP1R1/CXCL16/S1PR3/GRM4/ITPR3/GRK5/ADRA1D/PDE1C/CXCL12/RASGRP2/FZD9/HBEGF/FZD5	31
R-HSA-9818027	NFE2L2 regulating anti-oxidant/detoxification enzymes	6/367	18/7999	0.333333333333333	7.26521344232516	5.83509618617137	0.000103881297101267	0.00862214765940512	0.00811367604727787	TXN/TXNRD1/GCLM/SLC7A11/SRXN1/HMOX1	6
R-HSA-109582	Hemostasis	37/367	425/7999	0.0870588235294118	1.89750280493669	4.16938673501165	0.000114357667777694	0.0086288058414078	0.00811994157809079	LRP8/KIF26A/PDGFB/PRKCH/SLC7A7/F11R/ADRA2B/SLC7A5/F3/PDGFA/CD9/THBS1/EPCAM/GATA3/F2RL2/TUBA4A/VEGFA/MAFF/SLC8A2/SYTL4/SLC16A3/ENDOD1/SLC8A1/ITPR3/CABLES1/TIMP3/SLC7A11/PLAUR/SH2B3/VEGFC/RASGRP2/RAB27B/TGFB1/CAV1/TGFB2/TNFRSF10D/ITGA3	37
R-HSA-388396	GPCR downstream signalling	28/367	291/7999	0.0962199312714777	2.09717501427943	4.18076832121951	0.000153707198340044	0.010631414551853	0.0100044509796765	LPAR1/RAMP2/PRKCH/ARHGEF19/F2RL1/ADM2/ADRA2B/APLN/EDN1/RGS16/GPR176/LPAR3/ADM/RGS20/F2RL2/OPRD1/RGS10/ADCYAP1R1/CXCL16/S1PR3/GRM4/ITPR3/GRK5/ADRA1D/PDE1C/CXCL12/RASGRP2/HBEGF	28
R-HSA-114608	Platelet degranulation	13/367	91/7999	0.142857142857143	3.11366290385364	4.44659568633161	0.000239145319947617	0.0151708955408451	0.0142762263681763	PDGFB/PDGFA/CD9/THBS1/TUBA4A/VEGFA/SYTL4/ENDOD1/TIMP3/VEGFC/RAB27B/TGFB1/TGFB2	13
R-HSA-382551	Transport of small molecules	39/367	477/7999	0.0817610062893082	1.78203348585334	3.86209031593438	0.000278902740496927	0.0151708955408451	0.0142762263681763	SLC6A9/ATP8B1/SLC40A1/SLC1A5/STOM/NIPAL1/SLC7A1/LPL/SLC39A14/SLC7A2/SLC7A7/SLC6A15/ABCG2/SLC38A2/SLC7A5/SCNN1A/TPCN1/SLC1A3/SLC4A7/SLC6A6/ABCC3/SLC16A7/WNK4/CYGB/SLC2A3/ESYT3/SLC8A2/LDLR/TRPV4/SLC1A4/SLC16A3/RUNX1/SLC8A1/STEAP3/SLC7A11/ASPH/SLC38A4/SLC15A3/HMOX1	39
R-HSA-9830674	Formation of the ureteric bud	5/367	14/7999	0.357142857142857	7.7841572596341	5.57092119760437	0.000280903637867612	0.0151708955408451	0.0142762263681763	NPNT/FOXC1/FOXC2/RET/SIX1	5
R-HSA-373076	Class A/1 (Rhodopsin-like receptors)	12/367	81/7999	0.148148148148148	3.22898375214452	4.42126162439586	0.000292450998377736	0.0151708955408451	0.0142762263681763	LPAR1/F2RL1/ADRA2B/APLN/EDN1/LPAR3/F2RL2/OPRD1/CXCL16/S1PR3/ADRA1D/CXCL12	12
R-HSA-210991	Basigin interactions	6/367	22/7999	0.272727272727273	5.94426554372058	5.09211124719608	0.000357128074357723	0.0169800388602174	0.0159786795615489	SLC7A7/SLC7A5/SLC16A3/SLC7A11/CAV1/ITGA3	6
R-HSA-9759194	Nuclear events mediated by NFE2L2	12/367	83/7999	0.144578313253012	3.15117691474344	4.31983176097778	0.000368733011613242	0.0169800388602174	0.0159786795615489	ABCG2/PDGFA/ABCC3/TXN/TXNRD1/ME1/MYC/TKT/GCLM/SLC7A11/SRXN1/HMOX1	12
R-HSA-9648895	Response of EIF2AK1 (HRI) to heme deficiency	5/367	15/7999	0.333333333333333	7.26521344232516	5.32568882744469	0.000405605454183262	0.0169800388602174	0.0159786795615489	CHAC1/ASNS/CEBPB/TRIB3/DDIT3	5
R-HSA-76005	Response to elevated platelet cytosolic Ca2+	13/367	96/7999	0.135416666666667	2.9514929609446	4.21804458397298	0.000409157562896804	0.0169800388602174	0.0159786795615489	PDGFB/PDGFA/CD9/THBS1/TUBA4A/VEGFA/SYTL4/ENDOD1/TIMP3/VEGFC/RAB27B/TGFB1/TGFB2	13
R-HSA-5576891	Cardiac conduction	11/367	80/7999	0.1375	2.99690054495913	3.93614246286302	0.000989610277110584	0.0391131680953231	0.0368065576749901	SCN5A/KCNE3/KCNK6/KCNK2/CACNG8/SLC8A2/NPR1/SLC8A1/ITPR3/ASPH/CACNG7	11
R-HSA-9830364	Formation of the nephric duct	4/367	11/7999	0.363636363636364	7.92568739162745	5.04016495530079	0.00111242756642679	0.0419688581879199	0.0394938399181187	NPNT/RET/GATA3/PCDH19	4
R-HSA-2219530	Constitutive Signaling by Aberrant PI3K in Cancer	8/367	48/7999	0.166666666666667	3.63260672116258	4.01143979792704	0.00136915025782309	0.0494084658257897	0.0464947135608573	KIT/PDGFB/FGF18/TGFA/PDGFA/NRG1/NRG3/HBEGF	8
