gene_id	symbol	log2FoldChange	padj	direction	pair1_log2FC	pair1_padj	pair2_log2FC	pair2_padj	same_direction	both_abs_lfc_0.5
ENSG00000001630	CYP51A1	1.09612024933306	1.96668838563652e-10	PD_up	0.908364147198971	0.00290904651811003	1.27300561012432	1.6724178615092e-09	TRUE	TRUE
ENSG00000006128	TAC1	1.17419492392234	6.44716450443154e-05	PD_up	0.95687333798615	0.0831925758235208	1.39742698159076	0.000789195109343213	TRUE	TRUE
ENSG00000006611	USH1C	-1.22314894249578	0.00423508601834174	PD_down	-0.863445843970629	0.206464115022309	-1.67795449250658	0.00109002149331732	TRUE	TRUE
ENSG00000006747	SCIN	1.84471885988876	0.000136490713751603	PD_up	1.36700826124164	0.056273822311572	2.72119533827072	0.0026199384765319	TRUE	TRUE
ENSG00000007312	CD79B	-1.09626145397783	0.00376009314036621	PD_down	-1.5105850667339	0.00693065643130396	-0.493870458754522	0.51995553556192	TRUE	FALSE
ENSG00000008735	MAPK8IP2	-1.1995060379928	1.70514729657664e-05	PD_down	-1.07265729623296	0.0193729872416168	-1.33000530520614	2.36593094634984e-07	TRUE	TRUE
ENSG00000013293	SLC7A14	1.35740349594564	0.00428255775275551	PD_up	1.67374664765775	0.00936551232652075	0.885889124647999	0.338274387737204	TRUE	TRUE
ENSG00000013364	MVP	-1.2832482298837	5.75909101470916e-06	PD_down	-0.803985755170214	0.0517789598632457	-1.81947520835871	8.06196093776116e-09	TRUE	TRUE
ENSG00000015153	YAF2	-1.04024781992792	0.0218703801930233	PD_down	-2.09730200157136	0.000771754881076901	-0.0579266700420366	0.934406301236095	TRUE	FALSE
ENSG00000022556	NLRP2	-2.92659713670173	0.00161130010290184	PD_down	-5.6888244903231	5.5071158014376e-154	-0.209201166436907	0.000301067583896606	TRUE	FALSE
ENSG00000036448	MYOM2	-1.36857360540734	0.00419593880432325	PD_down	-1.6223431607757	NA	-1.18996072894106	0.0504053743221747	TRUE	TRUE
ENSG00000044524	EPHA3	-1.02445779863664	0.0084593728982508	PD_down	-1.40057898322109	0.00999646776826397	-0.468251450812199	0.5430600494776	TRUE	FALSE
ENSG00000049239	H6PD	-1.00130614510283	1.18007310032567e-11	PD_down	-0.666602135757785	0.000648521249825165	-1.33312947057016	3.31878752634326e-28	TRUE	TRUE
ENSG00000054356	PTPRN	1.21240844299868	4.5264749193188e-05	PD_up	0.560057824931629	0.0849783816762099	2.10771635584859	2.04422272231142e-09	TRUE	TRUE
ENSG00000075223	SEMA3C	-1.30197445691969	0.00799518234844451	PD_down	-2.31828207721122	0.00013687298540127	-0.379724724261019	0.52670929837375	TRUE	FALSE
ENSG00000075673	ATP12A	-1.10365604274835	0.000550079784806597	PD_down	-1.07461032109262	0.0386682894107543	-1.14569830832769	0.0472213470773925	TRUE	TRUE
ENSG00000076344	RGS11	-1.05704751301368	0.0135406772481464	PD_down	-1.07682992622893	0.221175339812848	-1.03796241807673	0.0849134901222975	TRUE	TRUE
ENSG00000078900	TP73	-1.0737997003015	1.86344309977806e-07	PD_down	-0.70794440541229	0.0549037156315564	-1.47679497881578	1.67175863852139e-08	TRUE	TRUE
ENSG00000080007	DDX43	-4.03406023297733	7.66019797660028e-13	PD_down	-4.97208175635081	5.05970745510105e-14	-2.45664902571116	0.00731950934912912	TRUE	TRUE
ENSG00000081051	AFP	1.41937027128975	0.00215680139567027	PD_up	0.128107893910936	0.906787200656953	2.73172055054424	1.3067225069217e-10	TRUE	FALSE
ENSG00000081189	MEF2C	-1.11304515283534	0.00315263518692372	PD_down	-1.26581042013234	0.0735748786568239	-0.943659981045716	0.140975700828417	TRUE	TRUE
ENSG00000081479	LRP2	-1.06212679822491	0.00356848357899158	PD_down	-1.86659382544584	1.57799292904654e-13	0.0992377758720864	0.884401589405964	FALSE	FALSE
ENSG00000086475	SEPHS1	1.02160991992668	2.58263000992961e-72	PD_up	1.08538811715637	2.86200301647669e-34	0.956814242449376	3.66928749759697e-109	TRUE	TRUE
ENSG00000091536	MYO15A	-1.41919879156212	0.00148953282458031	PD_down	-1.87419871537907	0.031497248992254	-1.03693345575987	0.0711160073059841	TRUE	TRUE
ENSG00000091656	ZFHX4	-1.26641742976408	1.15814147789511e-07	PD_down	-1.76787299039954	2.01405269842208e-09	-0.780853805163025	0.000381263322073561	TRUE	TRUE
ENSG00000095303	PTGS1	-1.03480089882643	0.000126531409703775	PD_down	-1.26492695735524	0.00117287015259366	-0.651968975995456	0.245916747413897	TRUE	TRUE
ENSG00000095932	SMIM24	-1.08955316384273	0.00229280422798518	PD_down	-1.70295938652969	0.000289311377696822	-0.436407446017789	0.413012059881552	TRUE	FALSE
ENSG00000101144	BMP7	-1.03762783237145	1.91348300539351e-05	PD_down	-0.594965692036383	0.0652956486483519	-1.48899628012446	1.21283357447036e-13	TRUE	TRUE
ENSG00000101180	HRH3	1.1851226576395	2.87442105878229e-06	PD_up	0.738683935449802	0.0288833131964678	1.79330876837699	4.94402084503131e-07	TRUE	TRUE
ENSG00000104435	STMN2	-2.06296858969985	1.77047517544115e-06	PD_down	-2.60701165940534	5.97982178507846e-14	-0.916268628131531	0.346970563210892	TRUE	TRUE
ENSG00000104490	NCALD	-1.05620765670915	0.000856809236023012	PD_down	-1.6263862569551	9.63933337224984e-06	-0.338055486923438	0.539656392866469	TRUE	FALSE
ENSG00000104894	CD37	-1.03743305600648	9.18263193091486e-05	PD_down	-1.24467294397221	0.00628723469333374	-0.830187652116285	0.0276066755749225	TRUE	TRUE
ENSG00000105357	MYH14	-2.08144478702495	0.000637837293524856	PD_down	-0.433483177615607	0.000246841470064059	-3.767085143826	4.05982809021785e-142	TRUE	FALSE
ENSG00000105668	UPK1A	-1.34525579541756	0.00520427109623536	PD_down	-1.38399897667134	0.0545962895606662	-1.29624497832761	0.162027077974319	TRUE	TRUE
ENSG00000106341	PPP1R17	1.32435028226749	1.66225413254977e-05	PD_up	1.35337289559514	0.000970437803301156	1.27898206324195	0.0206214825837829	TRUE	TRUE
ENSG00000106804	C5	-1.4038075014362	8.27762440648165e-05	PD_down	-1.76682374875991	0.0039061292855558	-1.01077863550604	0.0886992995706943	TRUE	TRUE
ENSG00000108439	PNPO	-1.09203223162034	0.000212596229351317	PD_down	-1.96728255436521	1.05440581919056e-16	-0.205667748898291	0.498521525151845	TRUE	FALSE
ENSG00000108557	RAI1	-1.53884822951635	0.00457356024055434	PD_down	-2.47428808246935	5.233994277089e-14	-0.59346447984533	0.49136626702878	TRUE	TRUE
ENSG00000108691	CCL2	-1.0034813011263	0.0141901309302596	PD_down	-1.12393070071397	0.152739577190676	-0.895431577791194	0.0857205710135184	TRUE	TRUE
ENSG00000110436	SLC1A2	1.27285854068793	0.02147074660341	PD_up	-0.0545979127231723	0.954825940248879	2.94893682959927	1.17297182769652e-06	FALSE	FALSE
ENSG00000110675	ELMOD1	1.44583377604054	0.00287436503114622	PD_up	0.995234305463262	0.166218724987356	2.49109165767751	0.0173383737293468	TRUE	TRUE
ENSG00000110881	ASIC1	-1.03122379828599	3.68851429182069e-06	PD_down	-1.43797873532027	3.05522620152483e-06	-0.612037214423486	0.0246899008135026	TRUE	TRUE
ENSG00000111199	TRPV4	-1.363263587078	2.15501031633011e-08	PD_down	-1.26993136357979	0.00594096143676737	-1.4602293260219	5.95853076364689e-05	TRUE	TRUE
ENSG00000111644	ACRBP	-1.57915040915119	2.89289355145143e-05	PD_down	-1.78828227274124	0.00421756365183962	-1.32938889814294	0.0290247246360387	TRUE	TRUE
ENSG00000111799	COL12A1	1.17096224939888	1.36050333546206e-05	PD_up	0.418231708293968	0.314833497570627	1.92430719352008	4.28410472107299e-17	TRUE	FALSE
ENSG00000112394	SLC16A10	1.19513234260031	2.37727630293157e-16	PD_up	0.970084195389047	1.67814271663919e-05	1.46594307562937	1.98989537921631e-11	TRUE	TRUE
ENSG00000113361	CDH6	-1.39966493981756	0.000109330580711733	PD_down	-2.22551398117797	1.58411332392042e-15	-0.445907875092982	0.323613654022841	TRUE	FALSE
ENSG00000113555	PCDH12	-1.2895890248168	0.0058984240101489	PD_down	-0.642934969631749	0.553765190973134	-2.00605105622963	0.00127144679203969	TRUE	TRUE
ENSG00000114200	BCHE	-1.09586119803453	7.15785841379794e-07	PD_down	-0.990033119841544	0.0241699592641383	-1.18818712226971	2.56836752547374e-05	TRUE	TRUE
ENSG00000114841	DNAH1	-1.14051524437708	0.00393567712523067	PD_down	-0.90526987733482	0.274415250842269	-1.38774661558361	0.0218390604842291	TRUE	TRUE
ENSG00000115461	IGFBP5	-1.36373613533673	8.98523627085556e-05	PD_down	-2.20525000532173	5.20955490708897e-16	-0.419961629745823	0.307403165263176	TRUE	FALSE
ENSG00000115648	MLPH	1.34740619466835	1.22420118614192e-14	PD_up	1.44580175305554	7.40993390273111e-08	1.2381577368905	3.22636386387047e-07	TRUE	TRUE
ENSG00000116014	KISS1R	1.03434776631013	0.0238704884815188	PD_up	0.738314276890403	0.32150598597542	1.47681054992007	0.0603929182348764	TRUE	TRUE
ENSG00000116016	EPAS1	1.25688855693966	9.26597345988051e-06	PD_up	1.23171334383081	0.00776781986338883	1.2908050179066	0.0066232398240804	TRUE	TRUE
ENSG00000116729	WLS	-1.34354720005901	0.0141118181586157	PD_down	-2.58206650609411	1.21043804803065e-21	-0.0752421229219651	0.883097683405332	TRUE	FALSE
ENSG00000116833	NR5A2	1.57867699254129	5.25459406623601e-18	PD_up	1.66805062036962	1.30023764195268e-09	1.46500351244667	4.59439050167972e-07	TRUE	TRUE
ENSG00000118194	TNNT2	1.11732535450799	8.92506949468656e-05	PD_up	0.454820164577018	0.222339486796745	1.88885619136479	7.47219549200828e-10	TRUE	FALSE
ENSG00000118322	ATP10B	-1.25094149900671	0.00121668443049663	PD_down	-1.31469673272501	NA	-1.23038241098927	0.00248844607215238	TRUE	TRUE
ENSG00000118432	CNR1	1.50981298821646	0.000598815143538048	PD_up	1.55015604651499	0.0280069114238951	1.44373423936143	0.0701878878253979	TRUE	TRUE
ENSG00000118523	CCN2	1.23938045576405	3.16360604468297e-07	PD_up	0.913871664073861	0.0968102690203504	1.56103957776823	8.3668142391061e-119	TRUE	TRUE
ENSG00000119242	CCDC92	-1.19576909054263	0.0223200786969133	PD_down	-2.09771067975504	0.00147637326568903	-0.264448745963318	0.764776847381339	TRUE	FALSE
ENSG00000119638	NEK9	1.16808762871882	0.00648897215930801	PD_up	0.0662017857312864	0.738645367378869	2.27980419213391	9.85637883579722e-107	TRUE	FALSE
ENSG00000119865	CNRIP1	1.30596416210881	8.75487828868527e-06	PD_up	0.937186693586322	0.055380690018868	1.879378282315	0.000240549755542086	TRUE	TRUE
ENSG00000120949	TNFRSF8	1.31484266199181	1.85484004174846e-17	PD_up	0.874028618611464	2.26615457657406e-09	1.80187504805621	4.66555576168517e-40	TRUE	TRUE
ENSG00000121851	POLR3GL	-1.08585913569829	0.00172608131104175	PD_down	-0.927713542930113	0.172579686193945	-1.26626741677221	0.0111057578443004	TRUE	TRUE
ENSG00000122254	HS3ST2	1.39000384267158	3.30529840336502e-06	PD_up	0.885363707070463	0.0763771923861862	2.05108395188176	3.97372931064486e-06	TRUE	TRUE
ENSG00000124092	CTCFL	-1.6267193714966	1.48490849046661e-05	PD_down	-2.11859034762804	9.85394974991167e-05	-1.00116668978092	0.125373289536161	TRUE	TRUE
ENSG00000124343	XG	-1.80951946807594	2.34658436837827e-05	PD_down	-1.26674737838637	0.163515589489267	-2.26635324626537	8.64448064817207e-06	TRUE	TRUE
ENSG00000124602	UNC5CL	-1.10846048696188	0.00225457573842285	PD_down	-1.198469527498	0.0657244873868247	-1.01475937901117	0.0634696613115348	TRUE	TRUE
ENSG00000124635	H2BC11	1.67695717265056	2.33909176586891e-08	PD_up	1.88960336573584	3.31280611996662e-07	1.19967665682077	0.0812346849932534	TRUE	TRUE
ENSG00000124772	CPNE5	-1.05708077915286	0.0192907344240751	PD_down	-1.78938266826175	0.0278801058548353	-0.398594224951062	0.582945392902976	TRUE	FALSE
ENSG00000125414	MYH2	1.09335090611564	0.0162813024182068	PD_up	1.83768860029478	0.00187261112178173	0.322243443522324	0.63626767759165	TRUE	FALSE
ENSG00000125430	HS3ST3B1	1.0084272034206	7.76606524398209e-06	PD_up	0.471452488154598	0.066240715890544	1.66842416204342	4.38616547569214e-13	TRUE	FALSE
ENSG00000125869	LAMP5	1.47082245819736	0.0194290470609644	PD_up	-0.189135614898588	0.857414121643115	3.41547912207707	2.08338229017257e-08	FALSE	FALSE
ENSG00000126218	F10	-1.58870378106914	0.00356803514320237	PD_down	-3.12134701904364	6.51178129816253e-12	-0.0929931685917903	0.891940242803834	TRUE	FALSE
ENSG00000128610	FEZF1	-2.0875712773991	3.30037768979976e-07	PD_down	-2.87915771969573	4.58978538825357e-07	-1.30417859858246	7.69737965502232e-12	TRUE	TRUE
ENSG00000129317	PUS7L	-3.43458005154709	0.00441118190605234	PD_down	-7.40019164868454	7.36361497232651e-52	0.294987249698139	0.000540137198741882	FALSE	FALSE
ENSG00000130270	ATP8B3	-1.03553475790654	5.88160008647924e-06	PD_down	-1.0374978127073	2.23618382902913e-05	-1.03320498076604	0.0138902893363542	TRUE	TRUE
ENSG00000131471	AOC3	-1.09648130262199	0.000572007635596103	PD_down	-1.03280118342276	0.0583130312186408	-1.16937348472556	0.0223428302684995	TRUE	TRUE
ENSG00000131831	RAI2	1.03902685844745	0.018915595257834	PD_up	0.993217878577126	0.223739030853088	1.10492369333069	0.148313956221112	TRUE	TRUE
ENSG00000132510	KDM6B	-1.30365377133313	8.47883707385914e-19	PD_down	-1.21605718396925	1.78192467429428e-09	-1.43198154575779	8.50473605922321e-09	TRUE	TRUE
ENSG00000133135	RNF128	1.64392398986794	0.000230974125814441	PD_up	1.05317352573141	0.107690897758437	2.67106329319194	0.000518979727937275	TRUE	TRUE
ENSG00000134398	ERN2	-1.01982369651814	0.00525566510946809	PD_down	-1.04742237466759	0.159950350068946	-0.989819391041273	0.0833238603624396	TRUE	TRUE
ENSG00000135439	AGAP2	-1.04842455312181	0.00035424599885538	PD_down	-1.38684047719096	0.00104179985912877	-0.632203443184016	0.195194644421409	TRUE	TRUE
ENSG00000135454	B4GALNT1	-1.60611702200945	5.31818797863511e-05	PD_down	-2.00312751399765	0.000792436604452694	-1.10782127939332	0.119080221687653	TRUE	TRUE
ENSG00000136167	LCP1	1.00398444865889	0.000120323580121183	PD_up	0.947581962544313	0.0731572651982618	1.05020480191479	2.36593094634984e-07	TRUE	TRUE
ENSG00000136449	MYCBPAP	-1.53004512926196	0.00349155205428441	PD_down	-1.52951356335166	0.0325367259544511	-1.53240431922044	0.028159298238803	TRUE	TRUE
ENSG00000137393	RNF144B	1.05301811483724	1.3559089987538e-10	PD_up	0.875298879255375	0.00167848199111059	1.24799483142921	2.86638268328169e-07	TRUE	TRUE
ENSG00000137558	PI15	-1.43892848163134	0.00138842637900497	PD_down	-1.35433321576372	0.0821092890096962	-1.53869886527531	0.0295185150717914	TRUE	TRUE
ENSG00000137857	DUOX1	-1.30523381810822	0.00434716634049073	PD_down	-1.76945569044569	0.00504543299283811	-0.705354867375886	0.399451728818106	TRUE	TRUE
ENSG00000139209	SLC38A4	1.87310791668578	1.6122580075335e-06	PD_up	1.01472838507583	4.99024643044155e-07	2.7854630830379	3.67607957549914e-15	TRUE	TRUE
ENSG00000139219	COL2A1	-1.56020056920245	6.82204291627277e-25	PD_down	-1.81784605104191	4.15304276842461e-19	-1.29818503956748	1.52284955905181e-18	TRUE	TRUE
ENSG00000139364	TMEM132B	1.1141788964441	2.56209680116073e-20	PD_up	0.744152990437878	2.28497038542691e-14	1.48925949887831	7.09899720258975e-113	TRUE	TRUE
ENSG00000139874	SSTR1	-1.73803064526129	0.0021920595801042	PD_down	-0.467637156412039	0.656088706077206	-3.30733878998212	1.83487855296728e-07	TRUE	FALSE
ENSG00000139915	MDGA2	-1.53239741131158	0.00244565126117491	PD_down	-2.88085830638202	7.37207406186693e-06	-0.425807216450868	0.254804683820081	TRUE	FALSE
ENSG00000140015	KCNH5	1.40744405368856	0.00833672656524102	PD_up	0.309707516859934	0.674146124131922	3.28460576737108	6.36186190155385e-05	TRUE	FALSE
ENSG00000140939	NOL3	-1.55525440290864	3.88018849352192e-07	PD_down	-1.24954954816695	0.0194046758073712	-1.96236786938853	0.000101619289404563	TRUE	TRUE
ENSG00000141096	DPEP3	3.61427226696294	4.47829026767647e-05	PD_up	1.96953863507969	0.205848423596653	5.54307141856982	2.19903704033067e-14	TRUE	TRUE
ENSG00000141526	SLC16A3	-1.52446423535529	9.97024435496795e-09	PD_down	-1.29699295301702	0.0370075490053442	-1.82384012960489	1.34917954084266e-09	TRUE	TRUE
ENSG00000142619	PADI3	-1.24638771361931	0.00404577829952617	PD_down	-1.78783725111628	0.00200281751807339	-0.648482349623798	0.264207749714701	TRUE	TRUE
ENSG00000143318	CASQ1	1.34169203816363	0.00103625806710234	PD_up	1.34434767356134	0.112383098421307	1.34282759040773	0.0335252426188628	TRUE	TRUE
ENSG00000143627	PKLR	1.3694231244159	0.00234698062885906	PD_up	2.58397728264835	9.17584577053167e-07	0.271814983968869	0.615769774296519	TRUE	FALSE
ENSG00000144057	ST6GAL2	1.16127175506469	5.10524108274709e-19	PD_up	0.893895937895387	3.01726948765335e-07	1.46837365348366	6.12896181656893e-22	TRUE	TRUE
ENSG00000144152	FBLN7	-1.50477049054008	0.00147716628664184	PD_down	-1.72949779981992	0.0119676131397325	-1.2003878580844	0.127799689076042	TRUE	TRUE
ENSG00000144852	NR1I2	1.55719608502793	0.00105706471487735	PD_up	0.841069210980867	0.315774341729341	2.40226177484564	1.4663299155701e-05	TRUE	TRUE
ENSG00000145536	ADAMTS16	1.10513337391589	5.37406955140861e-16	PD_up	1.35631885686657	1.02308147317991e-14	0.808293805187941	1.84680628109422e-05	TRUE	TRUE
ENSG00000145626	UGT3A1	-1.04613908868701	0.000195154481058695	PD_down	-1.61014390394468	5.28435566012643e-06	-0.513871666506244	0.0969234014593016	TRUE	TRUE
ENSG00000146477	SLC22A3	1.87389033594779	2.98599805862813e-05	PD_up	2.08419346074272	0.00432946446473308	1.66300321011442	0.00655990558655995	TRUE	TRUE
ENSG00000147596	PRDM14	1.04821727622832	2.31213077092306e-13	PD_up	0.778112594354949	0.0159411183321423	1.32368217308138	6.00353172131784e-53	TRUE	TRUE
ENSG00000147804	SLC39A4	-1.59443168201432	2.34252325804714e-10	PD_down	-1.79953248513426	1.84556064208803e-06	-1.37370642596525	0.000245611147079403	TRUE	TRUE
ENSG00000147869	CER1	-1.93555113206611	0.00351623864385268	PD_down	-2.84184771543861	0.117886035210769	-1.16870027676683	1.94465235006342e-10	TRUE	TRUE
ENSG00000148516	ZEB1	-2.04921204459309	2.08022353105797e-06	PD_down	-2.48131735810597	6.84333388758782e-05	-1.54570275047148	0.0203684520254465	TRUE	TRUE
ENSG00000150594	ADRA2A	1.16023195186518	0.00440839015111754	PD_up	1.06106339679853	0.0439059334465191	1.33759835846788	0.0853998925463464	TRUE	TRUE
ENSG00000151490	PTPRO	1.25897633385491	0.000169151663640117	PD_up	0.717113268999236	0.176964535814903	2.11981479955891	0.000192019542101323	TRUE	TRUE
ENSG00000151882	CCL28	1.0774472947251	0.015660625266529	PD_up	1.43237428188868	0.0617657176595922	0.711809248302164	0.245367782276304	TRUE	TRUE
ENSG00000154188	ANGPT1	-1.72209015388267	5.9130824616156e-18	PD_down	-2.06337103321898	1.13462820284177e-05	-1.55170307723814	5.60901137352268e-15	TRUE	TRUE
ENSG00000154240	CEP112	-1.20362963832076	7.10451890297138e-10	PD_down	-1.24366803803497	0.000111818295083229	-1.15905411718405	0.000356317398960116	TRUE	TRUE
ENSG00000154645	CHODL	-1.51279393181577	5.17627042944305e-05	PD_down	-0.609491122028621	0.498054497181211	-2.26129960271961	7.60076212850238e-11	TRUE	TRUE
ENSG00000155093	PTPRN2	-1.61781455166373	3.64855612639487e-06	PD_down	-0.866259592182365	0.126621064478166	-2.62121890877313	1.66261502337296e-07	TRUE	TRUE
ENSG00000156076	WIF1	1.46018652198103	4.37733259672844e-10	PD_up	1.22687797307203	0.000125108926886874	1.88767719715917	2.2887696189241e-05	TRUE	TRUE
ENSG00000156509	FBXO43	-1.05035474756529	0.00881292780004576	PD_down	-0.360461555538321	0.613422258308213	-1.9065124979868	0.000175322245072822	TRUE	FALSE
ENSG00000156574	NODAL	-1.16482772760799	4.3366875218038e-05	PD_down	-0.778226215273544	0.424536621611005	-1.36420570314911	3.16878283835161e-08	TRUE	TRUE
ENSG00000158055	GRHL3	1.15256052444332	0.0256100290201447	PD_up	0.619305988726054	0.485651065418335	1.94290000970278	0.0175320089155299	TRUE	TRUE
ENSG00000158406	H4C8	1.30455590576861	0.00201416005294297	PD_up	1.86486653232875	0.0114048379007445	0.845319397142689	0.0955015129570062	TRUE	TRUE
ENSG00000158748	HTR6	-1.07320319511575	0.0204140516734943	PD_down	-0.873458026961087	0.315911168598995	-1.35501189121593	0.0989898087363085	TRUE	TRUE
ENSG00000158863	FHIP2B	-1.04301597214346	6.63916848768369e-14	PD_down	-1.1110209846034	5.42505772545105e-06	-0.980019659507079	1.06956536673626e-09	TRUE	TRUE
ENSG00000160216	AGPAT3	-1.02118325472745	4.33151542778252e-08	PD_down	-1.48411377807804	8.00191321271058e-13	-0.567672355711622	0.00139637509641729	TRUE	TRUE
ENSG00000161381	PLXDC1	-1.27255237148221	0.00286549002077364	PD_down	-1.05239061007581	0.136445225803417	-1.56877564824414	0.0183724835330564	TRUE	TRUE
ENSG00000161652	IZUMO2	-1.54565287158377	0.00290479826569119	PD_down	-0.793493633795575	0.20647575769366	-5.31986397270752	0.000593442847347986	TRUE	TRUE
ENSG00000162039	MEIOB	-1.37192920442342	0.00016571707879635	PD_down	-1.17179961411075	0.0632333049801913	-1.5739694753424	0.000920614708226061	TRUE	TRUE
ENSG00000162148	SAXO4	-1.24005810932907	0.0191648775413714	PD_down	-0.721749146783136	NA	-1.83735647224737	0.0093111323506313	TRUE	TRUE
ENSG00000162344	FGF19	1.47408369294891	0.00035600267415084	PD_up	2.52907005956199	1.80651841957204e-39	0.414158700742194	0.0785046639711691	TRUE	FALSE
ENSG00000163017	ACTG2	1.38601443146479	1.63187209612755e-08	PD_up	1.07356162983781	0.0574254430416231	1.61011134375702	2.75119560683907e-11	TRUE	TRUE
ENSG00000163093	BBS5	-1.36000283132432	0.0100545747808253	PD_down	-2.02147967177782	NA	-0.887577279252284	0.23008062207936	TRUE	TRUE
ENSG00000163596	ICA1L	-2.19953092604469	2.36064474784285e-36	PD_down	-2.74940990071971	2.86427331069426e-35	-1.74345185700759	1.50551931737727e-30	TRUE	TRUE
ENSG00000164236	ANKRD33B	1.33200620073292	0.0140788084889208	PD_up	-0.0378628129287692	0.909618073875693	2.7199594095998	4.25874416952918e-98	FALSE	FALSE
ENSG00000164265	SCGB3A2	1.12971731586737	3.74373737590465e-06	PD_up	0.992308431577545	0.203249840321729	1.26441915418126	1.86995332680562e-10	TRUE	TRUE
ENSG00000164976	MYORG	-1.05053622588246	8.41622243117707e-07	PD_down	-0.849720351072297	0.0176791155320069	-1.23772326992806	1.89496229142267e-15	TRUE	TRUE
ENSG00000165118	QNG1	2.21237284849636	0.010850039093764	PD_up	0.0584306208527312	0.91907860735815	4.5615340580356	1.29310909434555e-35	TRUE	FALSE
ENSG00000165495	PKNOX2	-1.17192636617901	5.45959636705517e-07	PD_down	-1.26072180833858	0.00130859514052619	-1.0626009920742	0.00638338972242094	TRUE	TRUE
ENSG00000165623	UCMA	1.0192062571607	0.00925666093713962	PD_up	0.869645605856041	0.276145829046097	1.18865791332599	0.0538916340512501	TRUE	TRUE
ENSG00000166450	PRTG	-1.38363225784569	0.00860880211890716	PD_down	-2.6746207467926	1.42757835302835e-57	-0.0960764506669484	0.804442246343983	TRUE	FALSE
ENSG00000166573	GALR1	1.13773327566833	0.044889639112355	PD_up	0.821547681855672	0.339027182402443	1.82187782928534	0.138918493892559	TRUE	TRUE
ENSG00000166825	ANPEP	-1.42051442241296	7.04068023748448e-10	PD_down	-1.71797249569895	4.09996499279145e-06	-1.10837746537055	0.00156503995657407	TRUE	TRUE
ENSG00000166923	GREM1	-1.25213287995612	0.0234085074551528	PD_down	-3.1722717312654	7.19313664946466e-10	0.366892087522364	0.332254999267417	FALSE	FALSE
ENSG00000167178	ISLR2	-1.22823695959368	0.0110043039159321	PD_down	-0.785940016733841	NA	-1.53496056772105	0.000801430240243842	TRUE	TRUE
ENSG00000167363	FN3K	-1.04478752439957	1.54192209121363e-12	PD_down	-0.920293212815839	6.09184910209572e-05	-1.18956003422888	1.13185946754194e-10	TRUE	TRUE
ENSG00000167723	TRPV3	-1.00901217983749	0.0467239052661197	PD_down	-0.422096184528929	NA	-1.70926926887734	0.0267020249832719	TRUE	FALSE
ENSG00000168542	COL3A1	-2.72894148565003	0.000209805874474025	PD_down	-4.02618353138158	NA	-2.13032301242302	0.242573898177671	TRUE	TRUE
ENSG00000168675	LDLRAD4	-1.07632451325372	0.0211907566946101	PD_down	-2.0046166457549	0.00267090829297219	-0.24794852182347	0.713929132373877	TRUE	FALSE
ENSG00000168769	TET2	-1.03768514997995	4.118715645141e-07	PD_down	-1.08572476024648	0.00142647341458106	-0.990879316915621	0.000216752699250427	TRUE	TRUE
ENSG00000169253	NA	1.06110628738003	0.000200014555906116	PD_up	1.3823344376427	0.00469992480479521	0.736823136009298	0.106682226770203	TRUE	TRUE
ENSG00000169554	ZEB2	-2.40987680238465	5.22822059492098e-05	PD_down	-3.65264519101353	1.78192467429428e-09	-1.07826487185922	0.153101989792138	TRUE	TRUE
ENSG00000170049	KCNAB3	-1.44847157177142	5.59076912316978e-09	PD_down	-1.63039010736723	0.000235714652153967	-1.27428420940303	0.000424022559113899	TRUE	TRUE
ENSG00000170345	FOS	1.14228812909401	1.70732664965625e-05	PD_up	0.723722546542415	0.117806057997195	1.56550306282843	2.84842058388773e-07	TRUE	TRUE
ENSG00000171873	ADRA1D	-1.82302918308018	0.0091861371982174	PD_down	0.114900422868279	NA	-3.55705859636422	1.15638251095757e-33	FALSE	FALSE
ENSG00000172020	GAP43	1.03563139756807	3.31558200643849e-15	PD_up	0.949357737731417	2.70514179468893e-05	1.12189926435656	2.19818101011398e-13	TRUE	TRUE
ENSG00000172201	ID4	1.04902510487149	0.00938750068886582	PD_up	0.00292229941348584	0.99543069099051	2.27167944470652	2.43056730812643e-12	TRUE	FALSE
ENSG00000172264	MACROD2	-1.00678857850937	0.00138842637900497	PD_down	-1.19513063706548	0.0453330996121728	-0.797492626010787	0.135702680663307	TRUE	TRUE
ENSG00000173114	LRRN3	-1.82709686001689	0.000575258080056309	PD_down	-3.30834537056093	8.05718439901485e-13	-0.299742433858226	0.647801133217269	TRUE	FALSE
ENSG00000173442	EHBP1L1	-1.05650736056029	5.4598134387916e-08	PD_down	-1.33058069360995	1.56675133881759e-06	-0.757794952728921	0.0027294556626096	TRUE	TRUE
ENSG00000175592	FOSL1	1.01971169604069	5.63315032712951e-10	PD_up	1.05465151642287	7.524265035929e-06	0.959623496403974	0.00227803730484882	TRUE	TRUE
ENSG00000176769	TCERG1L	-3.64615503371799	0.0159036462238636	PD_down	0.453555067415722	0.369010797061897	-8.87713529857644	3.15888562051845e-12	FALSE	FALSE
ENSG00000176928	GCNT4	1.45672571872391	0.00088632633054855	PD_up	0.373148067664776	0.25243579526573	2.5808340331347	8.54144547460558e-39	TRUE	FALSE
ENSG00000178163	ZNF518B	-1.46762686578045	2.58175309173269e-21	PD_down	-1.27744831150862	1.91111519944608e-10	-1.65893680777593	2.17044345320292e-42	TRUE	TRUE
ENSG00000178394	HTR1A	2.45183318035165	4.9382774509947e-09	PD_up	1.85863170419663	4.94211898870995e-05	3.39920804965759	3.23997005038407e-08	TRUE	TRUE
ENSG00000179008	C14orf39	-1.21346268430688	0.000236285739600008	PD_down	-0.721483207068827	0.358158353463778	-1.64138084450706	2.03932832612938e-05	TRUE	TRUE
ENSG00000179546	HTR1D	1.28129313785866	1.38880782695047e-07	PD_up	1.31509299115047	9.24745714127608e-05	1.22258471612013	0.0101553428628173	TRUE	TRUE
ENSG00000179855	GIPC3	-1.40036349393247	1.20996083854675e-08	PD_down	-1.11567476680315	0.00444702068797508	-1.70350735013634	4.79632778085875e-08	TRUE	TRUE
ENSG00000180573	H2AC6	1.53464310148345	1.41169190125999e-15	PD_up	1.88538719203585	3.6291356651964e-23	1.00881651258619	0.00123276246320911	TRUE	TRUE
ENSG00000180787	ZFP3	1.20930401965723	0.000867740107351884	PD_up	0.947336588914487	0.124460633496023	1.63145491955873	0.0141117095815642	TRUE	TRUE
ENSG00000181143	MUC16	-1.07183204377816	0.00134107802775644	PD_down	-1.20453753417561	0.00881248517398251	-0.853234864644972	0.217156099713351	TRUE	TRUE
ENSG00000181800	CELF2-AS1	-1.43875125093415	0.00319179262003861	PD_down	-1.41218469724078	NA	-1.46799725298534	0.0499475368964714	TRUE	TRUE
ENSG00000182645	CCDC172	1.02832044303116	0.0167099234965258	PD_up	0.220237322241353	0.824421021205511	2.04163708222252	0.000308620536317834	TRUE	FALSE
ENSG00000183439	TRIM61	-1.69340514047665	0.0415328315763159	PD_down	-5.81163838806569	0.000121651830350394	0.550317258667509	0.340757984463881	FALSE	TRUE
ENSG00000183770	FOXL2	2.18546698733265	3.67394602183467e-06	PD_up	2.81520170351465	1.70780095271423e-07	1.37196700245254	0.0758173360694094	TRUE	TRUE
ENSG00000184232	OAF	-1.03096437737294	0.00529966743409277	PD_down	-1.05243814951199	0.0997114888975309	-1.00673141732545	0.114647253308783	TRUE	TRUE
ENSG00000184347	SLIT3	-1.67504320180429	3.6495347881764e-06	PD_down	-2.19318238974961	2.56267753489487e-06	-0.985454794851768	0.107964433768945	TRUE	TRUE
ENSG00000184470	TXNRD2	1.0882199752511	6.66408947773621e-09	PD_up	0.80314839687238	0.00765274586098793	1.39872140628812	8.09509023113461e-10	TRUE	TRUE
ENSG00000184588	PDE4B	1.01028137099711	6.21324775888614e-08	PD_up	1.46883951098954	5.42480990808946e-07	0.622267276779186	0.00572126273396928	TRUE	TRUE
ENSG00000185052	SLC24A3	1.00242205155657	0.000378337682266705	PD_up	0.402451989537619	0.33678518877249	1.70424554921481	2.68505683673256e-09	TRUE	FALSE
ENSG00000185559	DLK1	-2.31976008723029	0.00995416731960393	PD_down	-4.69304813655236	7.20666834829839e-16	0.0738195978129052	0.912986273489725	FALSE	FALSE
ENSG00000185567	AHNAK2	-1.05393124012886	2.3312001234508e-05	PD_down	-1.43848871274338	6.41843393691638e-07	-0.626400253774367	0.0172582349575593	TRUE	TRUE
ENSG00000186603	HPDL	1.51811145877082	3.59591355301192e-14	PD_up	0.949338702783046	8.0765923956749e-09	2.13179328048363	1.92270824904848e-56	TRUE	TRUE
ENSG00000186862	PDZD7	-1.1180450958793	0.00425069499510625	PD_down	-1.16579587739977	0.068738883280787	-1.05997688777817	0.0970630597871731	TRUE	TRUE
ENSG00000186868	MAPT	-1.10745142281686	0.000564541013877901	PD_down	-1.07322517954599	0.0220115421949163	-1.15546410090185	0.0289990026321849	TRUE	TRUE
ENSG00000187140	FOXD3	1.14435632482712	0.000801620699980597	PD_up	0.328038173903815	0.239015340298974	1.97550922001271	3.65024736524636e-46	TRUE	FALSE
ENSG00000187193	MT1X	1.01965633784614	9.6097471246578e-05	PD_up	0.794581754008465	0.367927956737726	1.2265355051574	2.91985162898857e-16	TRUE	TRUE
ENSG00000187837	H1-2	1.10080279716739	2.29443015347158e-08	PD_up	1.11929396968271	9.90881291898917e-05	1.07239136133173	0.00261420330450848	TRUE	TRUE
ENSG00000187957	DNER	1.22731588287544	4.16880687727986e-06	PD_up	0.503538149984837	0.0677936306394424	2.12662266604289	1.43308260227532e-14	TRUE	TRUE
ENSG00000188707	NA	1.08017830034137	0.003494183871256	PD_up	0.427886359504184	0.501190280102287	1.78219850693672	3.31145549153595e-06	TRUE	FALSE
ENSG00000189060	H1-0	-1.10602011929164	1.19263477398119e-18	PD_down	-1.00194401546747	0.000128566189987058	-1.21444907721115	4.32469423682824e-14	TRUE	TRUE
ENSG00000189292	ALKAL2	1.29036441817215	9.94362085109327e-07	PD_up	1.04676859934519	0.0643517009523352	1.51654486381975	6.9400646412795e-05	TRUE	TRUE
ENSG00000196109	ZNF676	-7.23073354914497	1.78632807763408e-38	PD_down	-8.07361225959616	1.8165547275291e-09	-7.01266678296942	4.58618619941369e-34	TRUE	TRUE
ENSG00000196350	ZNF729	-6.72810233077253	6.49493382643292e-13	PD_down	-5.5731341603122	0.00197137822662989	-7.61820389004342	4.5205372393943e-12	TRUE	TRUE
ENSG00000196581	AJAP1	1.53369735174163	3.42755502489903e-19	PD_up	1.45954642172028	2.35648012210149e-08	1.63264651604696	4.05876030222485e-09	TRUE	TRUE
ENSG00000197134	ZNF257	-1.16287498811824	0.0182469025651619	PD_down	-2.4774619899304	1.89955075780684e-09	-0.0458370969416711	0.85257718905584	TRUE	FALSE
ENSG00000197181	PIWIL2	1.16169341485189	0.0483070461057625	PD_up	-0.141906408716079	0.530463453799669	2.63148134662431	1.6198546485022e-13	FALSE	FALSE
ENSG00000197816	CCDC180	-1.1753083807913	0.000304394299823861	PD_down	-1.00047770126831	0.186383630192795	-1.32843363323401	0.00412536881270158	TRUE	TRUE
ENSG00000197903	H2BC12	1.02984598127949	0.0101429032918126	PD_up	1.84820057725714	1.08829286912793e-05	0.00198560397789338	0.998228291385605	TRUE	FALSE
ENSG00000197956	S100A6	1.25169943138722	1.44188986982567e-11	PD_up	0.971082884085163	0.000162973132577555	1.61540965706376	1.86303966983348e-08	TRUE	TRUE
ENSG00000198001	IRAK4	-3.08696134261191	0.0104704565900894	PD_down	-7.4448399609165	5.64059983122907e-08	-0.0447810952551835	0.883123306209715	TRUE	FALSE
ENSG00000198028	ZNF560	4.28399733816269	0.0022122638827232	PD_up	9.3356991063453	6.33336231015433e-13	0.307590745627013	0.0247966438873804	TRUE	FALSE
ENSG00000198134	NA	-1.34908714446646	4.82076917671921e-11	PD_down	-1.56294097011716	3.86372992564206e-08	-1.13056261103821	1.92734141460069e-05	TRUE	TRUE
ENSG00000198719	DLL1	-1.56045165093967	6.50635716202467e-06	PD_down	-2.37029180823856	9.71655093212621e-08	-0.734607626381812	0.134528156603804	TRUE	TRUE
ENSG00000198732	SMOC1	-1.05611719682724	0.0375469363698082	PD_down	-2.00093904095017	5.23118274403848e-07	0.304453120913583	0.735186405104756	FALSE	FALSE
ENSG00000198963	RORB	1.29089806800286	9.04291545571962e-09	PD_up	0.744898155419697	0.00461857848292523	1.86261434327557	2.46124626207713e-28	TRUE	TRUE
ENSG00000204718	CNN2P12	1.40928710744144	0.00652737611762906	PD_up	1.87463461756361	NA	1.10553067370403	0.0869156272540578	TRUE	TRUE
ENSG00000204851	PNMA8B	-1.48333852021144	4.98669199217519e-10	PD_down	-1.51903161457115	0.000114589977842035	-1.440095851452	0.00037601198136656	TRUE	TRUE
ENSG00000205181	LINC00654	-4.10400518076887	2.56209680116073e-20	PD_down	-5.44180337925467	1.07095148852111e-07	-3.4698529234744	1.46587023696437e-12	TRUE	TRUE
ENSG00000205212	NA	2.03013206539749	0.0022010717892865	PD_up	0.629549142560279	0.449683663753549	6.14930959930972	1.74862856075995e-05	TRUE	TRUE
ENSG00000205336	ADGRG1	-1.06498514015634	0.000128753987418924	PD_down	-1.39378320800113	0.0016213749022074	-0.716981772881739	0.0721124765883286	TRUE	TRUE
ENSG00000205358	MT1H	1.35751717015732	2.72632030341052e-08	PD_up	1.44171139182773	0.0972316253416303	1.28821655186326	1.92396761472313e-14	TRUE	TRUE
ENSG00000206262	FOXL2NB	2.80362562498433	1.23195398432311e-19	PD_up	3.05505452922131	5.0614654736805e-14	2.4753627796537	2.75201436454915e-08	TRUE	TRUE
ENSG00000206579	XKR4	1.07887761992776	0.00472134758461386	PD_up	0.574383739614397	0.456824592832315	1.63248323405616	0.00136245528909215	TRUE	TRUE
ENSG00000210176	NA	1.05727894257895	0.009891451851566	PD_up	0.614500856812159	0.485416032319939	1.55128154263259	0.00442424450191041	TRUE	TRUE
ENSG00000210195	NA	1.14927470861079	2.1013633131762e-05	PD_up	0.960880487836899	0.0710148539483577	1.33662691307299	0.000649612943826649	TRUE	TRUE
ENSG00000211772	TRBC2	1.0764492927951	1.72372580316905e-07	PD_up	0.598590515718349	0.167964282534378	1.47268067687109	2.72855003253934e-14	TRUE	TRUE
ENSG00000212789	NA	1.17037477389248	9.22781497433913e-06	PD_up	1.0034643755452	0.0411853753273652	1.34863361764617	0.000736855758496599	TRUE	TRUE
ENSG00000213115	LOC729141	-3.33907851295575	0.00130861546616343	PD_down	-6.44924688356974	1.76621996520062e-11	-0.883317291036563	0.000840127919458158	TRUE	TRUE
ENSG00000213312	RPL7AP34	1.47515936314359	8.23514002337715e-12	PD_up	1.87627316898485	1.43217773132311e-07	1.11157903740264	0.000239781053534491	TRUE	TRUE
ENSG00000213315	RPS18P2	-1.02487919227855	8.22830863188655e-18	PD_down	-0.868556521164725	5.9263829248881e-05	-1.17583624683894	9.17650530754955e-16	TRUE	TRUE
ENSG00000213598	RPL31P4	1.50167995774785	0.000585145381376144	PD_up	1.06502174804863	NA	1.97139370384908	0.00303376283303354	TRUE	TRUE
ENSG00000213938	SEPHS1P6	1.15760688399299	8.40300585839381e-07	PD_up	1.49765212743453	0.000781725918062903	0.863783594103488	0.0123859500492067	TRUE	TRUE
ENSG00000214021	TTLL3	-1.0486146411035	4.7876857514616e-07	PD_down	-0.9189553519749	0.0104965911611933	-1.19433919692085	0.000171574752559384	TRUE	TRUE
ENSG00000214121	NA	1.17923237007417	0.00155962848711163	PD_up	1.144065587479	0.1010189717116	1.2144956481663	0.0260144095999423	TRUE	TRUE
ENSG00000223873	NA	-1.90933069103431	5.43721760532687e-06	PD_down	-2.54468354071246	0.00047236519391612	-1.37780824932099	0.0114892056348455	TRUE	TRUE
ENSG00000225193	NA	1.25677384427442	5.90332183231555e-07	PD_up	1.54788010177767	0.000678267775282835	1.0321524366	0.001376292585162	TRUE	TRUE
ENSG00000226535	NA	-1.1123161629868	7.14804147846749e-06	PD_down	-1.19961130995349	0.00630407136701964	-1.0078620941133	0.0181993549495654	TRUE	TRUE
ENSG00000226608	NA	1.07818371348264	8.84804587868887e-11	PD_up	1.02339367714523	0.000478744712254443	1.13415426911726	1.18029204249205e-06	TRUE	TRUE
ENSG00000226816	NA	2.46350812895451	0.000153021418571892	PD_up	1.44078525250295	0.078534690179465	5.84890711681272	6.8425523941085e-05	TRUE	TRUE
ENSG00000226915	RPL19P4	-1.09542612770629	0.000488591655084621	PD_down	-0.976850176391393	0.16812499215084	-1.20765197923814	0.0101557908364058	TRUE	TRUE
ENSG00000227081	NA	1.20422899829222	1.69343583795899e-97	PD_up	1.19672358761269	2.75864500031295e-30	1.20999797330468	8.55849883328622e-66	TRUE	TRUE
ENSG00000227203	NA	1.20683351273	0.0201861148373883	PD_up	1.91839358026211	NA	0.620544584968094	0.427889000959321	TRUE	TRUE
ENSG00000228218	NA	1.16125478564748	3.94266291262794e-05	PD_up	0.681852619470334	0.256247251868444	1.64429830016163	2.08375423790557e-05	TRUE	TRUE
ENSG00000228502	NA	1.26379716031298	0.000241177703831809	PD_up	1.02565457448187	0.115134662499984	1.51476542831595	0.0016612261876274	TRUE	TRUE
ENSG00000229119	NA	1.05006334312644	0.000493283818583436	PD_up	1.13088517507998	0.0548846538303999	0.966231494888598	0.0342861804564298	TRUE	TRUE
ENSG00000229230	MT1P3	2.06979846405541	2.75331105593521e-07	PD_up	1.7078456762482	0.0402217841306234	2.39495549785542	6.37486470203e-06	TRUE	TRUE
ENSG00000229544	NKX1-2	1.17814027417192	2.828127651261e-10	PD_up	0.690502346848417	0.000440436728645688	1.73385194654281	3.05063072740074e-23	TRUE	TRUE
ENSG00000229814	NA	2.93538972450057	6.07195539963007e-42	PD_up	3.29981950327862	3.12061276155513e-23	2.61749682704589	2.94935763477171e-21	TRUE	TRUE
ENSG00000229877	NA	1.24828957089698	0.00730464863111323	PD_up	1.24286504002267	0.157919505762987	1.25556041132951	0.0782083972760218	TRUE	TRUE
ENSG00000229939	NA	-1.2377764131455	0.00195311734283314	PD_down	-0.934233693371721	0.284797564585617	-1.56211165685678	0.0127270331519683	TRUE	TRUE
ENSG00000230146	NA	1.01053702417309	2.94758855586847e-06	PD_up	1.07273274574493	0.00510619182905774	0.94569085504983	0.0038687644815632	TRUE	TRUE
ENSG00000230269	LINC02525	-1.20803265915777	0.00380790213712161	PD_down	-1.13003073058989	0.152718439600113	-1.29217086794062	0.0414953984653063	TRUE	TRUE
ENSG00000230316	FEZF1-AS1	-2.48219619268733	3.53405295462564e-12	PD_down	-3.26186648701382	4.05732602073628e-13	-1.71947424951598	2.53371105239965e-19	TRUE	TRUE
ENSG00000230383	RPL6P19	3.03674567627873	2.49991012292016e-33	PD_up	3.17675290671135	6.1181031316322e-15	2.90922816193796	1.40657543625009e-17	TRUE	TRUE
ENSG00000230897	RPS18P12	1.4345007796995	0.00220012709042129	PD_up	1.97897815172245	NA	0.953641018125281	0.18061471216617	TRUE	TRUE
ENSG00000230922	LOC101927551	-1.03302044055098	0.000305961951434435	PD_down	-0.531916913066597	0.453553784480699	-1.45328369631321	3.79013106619865e-06	TRUE	TRUE
ENSG00000231689	LINC01090	-1.96951291319446	0.00102176545121018	PD_down	-3.65971487908829	8.93304002400794e-13	-0.553560851446984	0.051611653503386	TRUE	TRUE
ENSG00000231700	NA	-1.44352972838885	0.00353365910473254	PD_down	-1.68358354079899	NA	-1.23770706677664	0.0801186243530601	TRUE	TRUE
ENSG00000232301	LNCPRESS1	1.83415273489691	0.000117598118778814	PD_up	0.558434648614108	8.77953313976511e-07	3.13010240038203	1.63441195284668e-144	TRUE	TRUE
ENSG00000232727	NA	1.12102799398366	0.00614654799780797	PD_up	1.35328929810511	0.118110642536713	0.920445533097465	0.131537622981297	TRUE	TRUE
ENSG00000233056	ERVH48-1	-1.38906592530904	0.0219438397748788	PD_down	-0.87852045228291	0.617690830957487	-1.90357766269984	2.68096219677126e-26	TRUE	TRUE
ENSG00000233098	LOC339260	2.50900939603645	0.00085793682534001	PD_up	0.7953772917518	0.450825840401531	4.40670783548779	3.20905741585464e-30	TRUE	TRUE
ENSG00000233155	NA	1.5840736265794	1.30081653741649e-09	PD_up	1.59921080229389	0.00068731113429747	1.56744040378723	0.000119788847137084	TRUE	TRUE
ENSG00000233393	LOC105369306	1.74634898079707	1.10245065863715e-05	PD_up	3.27666557477462	2.23580768103495e-07	0.796884116855796	0.00381588054750998	TRUE	TRUE
ENSG00000233476	NA	1.29041048360939	5.11238729610786e-08	PD_up	1.33927134401634	0.00249712162034324	1.23943643345596	0.000188432302524975	TRUE	TRUE
ENSG00000234261	NA	1.1818914479584	8.18522531270051e-06	PD_up	1.12558513913767	0.00858771065205614	1.24451188461327	0.00283221524357373	TRUE	TRUE
ENSG00000234273	NA	-1.47378781811788	0.0125961741627006	PD_down	-0.337801632703471	0.778837870472717	-3.09695015529654	0.000137537476747809	TRUE	FALSE
ENSG00000234488	RPL27P6	2.23566027089019	1.22101478963618e-11	PD_up	1.92414663727293	0.000360727781719768	2.57901734845923	9.78197761361097e-08	TRUE	TRUE
ENSG00000234664	NA	-1.03054620393056	0.00792331723237363	PD_down	-0.938478155447956	NA	-1.10508852840383	0.0371390289057588	TRUE	TRUE
ENSG00000234743	NA	1.17018260986086	0.000675898795896951	PD_up	1.23256102763136	0.0597791195899231	1.10471639769813	0.0437705720084623	TRUE	TRUE
ENSG00000234787	LINC00458	-1.31950721800891	0.000263513092472598	PD_down	-0.81057918097827	0.253749205310755	-1.85440658829336	3.67739122553809e-20	TRUE	TRUE
ENSG00000235071	LOC100132857	1.08065271726947	9.14502240028841e-05	PD_up	0.923364178010838	0.0629056494177521	1.26558576746776	0.00502815396305193	TRUE	TRUE
ENSG00000235555	NA	-1.77273163369788	2.68996587420443e-13	PD_down	-1.98159170484785	1.28435483136775e-05	-1.61028387631942	2.55209511593114e-07	TRUE	TRUE
ENSG00000235674	NA	1.14938909416542	0.00546240864283238	PD_up	1.4010676438601	0.0527877538150386	0.878238735095105	0.198358165315749	TRUE	TRUE
ENSG00000235884	NA	1.6526584766515	6.86819296213461e-09	PD_up	1.70861658957182	0.000725147125114861	1.59133871533866	0.000414921402642725	TRUE	TRUE
ENSG00000236438	NA	-1.10721239711073	0.0305487824629345	PD_down	0.233508341842848	NA	-2.12852215007561	2.45497852742745e-09	FALSE	FALSE
ENSG00000236714	NA	-1.21237846722248	0.00432307170483222	PD_down	-0.0664895638412144	0.9447696036347	-2.30791540091763	2.35335907952088e-20	TRUE	FALSE
ENSG00000237515	SHISA9	1.23637844521557	3.23223324850031e-60	PD_up	1.08587418459716	4.15304276842461e-19	1.39433296289039	7.98196110089275e-45	TRUE	TRUE
ENSG00000237872	POU5F1P4	1.60601679938923	4.15623606312774e-06	PD_up	1.35655631269165	0.0549508910660492	1.85639717942874	0.000292419014698131	TRUE	TRUE
ENSG00000240771	ARHGEF25	-1.79277741971303	1.88303820009709e-17	PD_down	-1.3628150799981	1.1811376618163e-06	-2.26438548651747	1.33099614886382e-17	TRUE	TRUE
ENSG00000241511	RPS15AP24	-1.79870190936399	9.36918205148788e-23	PD_down	-1.96423648980606	8.04056531878722e-10	-1.64607078563791	5.2323555653794e-10	TRUE	TRUE
ENSG00000243199	RPL6P10	1.14067594730938	0.00216986623586332	PD_up	1.61687770817506	0.0172452114511009	0.722853395255109	0.13961146307657	TRUE	TRUE
ENSG00000243566	UPK3B	1.47391495807334	1.35767794391115e-06	PD_up	1.16449205646506	0.00657030644918973	2.08317780547445	0.000633608619871355	TRUE	TRUE
ENSG00000243829	RPS9P4	1.11857396619253	9.05855155979404e-12	PD_up	1.19684970950304	9.33478276161043e-05	1.03857845943418	3.37260943771275e-05	TRUE	TRUE
ENSG00000243964	RPL23AP65	1.86309731210217	2.92977124936025e-11	PD_up	1.9028273555309	5.29658497725112e-05	1.82066040192641	2.11206982265402e-05	TRUE	TRUE
ENSG00000243970	NA	-1.58007549668108	0.000747842274487669	PD_down	-0.273739567200041	0.698514123560045	-3.14049518468996	2.77065679908722e-12	TRUE	FALSE
ENSG00000244716	RPL17P7	2.71333097332984	2.66971374794706e-73	PD_up	2.58111231584376	1.8431996737855e-27	2.83948713678385	1.13145633646307e-48	TRUE	TRUE
ENSG00000245205	EEF1A1P4	1.19399413714266	0.0128361219015076	PD_up	0.436781926409606	0.675538907756764	2.08513993894071	0.000620038075234492	TRUE	FALSE
ENSG00000247498	GPRC5D-AS1	-1.89260431674252	1.41781853150877e-07	PD_down	-2.8674728068359	0.000274110247019474	-1.40097987756435	0.000200907484600151	TRUE	TRUE
ENSG00000248103	NA	1.9436389497891	0.00272441073051223	PD_up	0.435127590973007	0.624281041189856	5.56192732037796	8.40526685864448e-05	TRUE	FALSE
ENSG00000248632	NA	-2.2990433254068	0.0308597679295752	PD_down	-5.86849183198709	2.63255930846724e-09	0.516309578827592	0.0571542222514864	FALSE	TRUE
ENSG00000249779	NA	1.30055492289403	0.000693666034880893	PD_up	1.59737395056025	0.0397018377973111	1.02974672565238	0.0835604942182024	TRUE	TRUE
ENSG00000249850	KRT18P31	1.24911382661951	0.00300252407376085	PD_up	1.00197982368504	0.236973564260896	1.5230939280864	0.0137174986142475	TRUE	TRUE
ENSG00000250182	NA	1.07099912055232	0.000598815143538048	PD_up	1.21248109080192	0.0610161166307515	0.936874536175978	0.0514973985786063	TRUE	TRUE
ENSG00000250616	YPEL3-DT	-1.65115886043486	0.0105455669030905	PD_down	-2.10302088380025	0.168594158579628	-1.08086381133115	0.187108250381119	TRUE	TRUE
ENSG00000251400	ALDH7A1P1	1.03487765071641	0.0099749019264406	PD_up	0.804607625152522	0.340250109585318	1.28978789651021	0.0287561378865904	TRUE	TRUE
ENSG00000253173	NA	-1.04403985730996	0.00880791542356594	PD_down	-1.22261673758374	0.0981110791384949	-0.8725472556445	0.147192917436442	TRUE	TRUE
ENSG00000253426	NA	-1.43762730503223	0.00355293005273869	PD_down	-0.713256941633366	NA	-2.25560771402042	0.00132293039263339	TRUE	TRUE
ENSG00000253683	NA	1.75097143404162	1.19263477398119e-18	PD_up	1.64259097635872	6.94483611946992e-07	1.85678529859619	2.07218727819119e-15	TRUE	TRUE
ENSG00000253785	NA	1.12290077740506	0.0002742842560353	PD_up	1.4422235249772	0.0243452807603663	0.871639200492386	0.048229675018916	TRUE	TRUE
ENSG00000253953	PCDHGB4	1.14576575527147	0.000102965094229166	PD_up	1.04866710136603	0.0583056401635488	1.24269330338317	0.000121995966826486	TRUE	TRUE
ENSG00000254585	MAGEL2	-1.2151384980746	2.82105168018783e-07	PD_down	-0.727480219586361	0.0231660360904441	-1.75624448657216	4.88538499793172e-15	TRUE	TRUE
ENSG00000255248	MIR100HG	-1.36661491351737	0.00271398787567993	PD_down	-1.28090519940144	0.135949803094972	-1.46422630089427	0.0381504161288761	TRUE	TRUE
ENSG00000259129	LINC00648	-1.64525128114992	0.00166710074793383	PD_down	-2.68085005259398	NA	-0.975152993675739	0.0376663858857171	TRUE	TRUE
ENSG00000259203	LOC101928499	1.44613217698753	1.60210087088612e-07	PD_up	2.11667404680247	1.51325376787136e-05	0.93702244136539	0.00578426583688249	TRUE	TRUE
ENSG00000259411	HNRNPA1P45	1.16033056103223	0.00764583844768515	PD_up	1.12494327318945	0.144083313899108	1.2000236223225	0.073423674915732	TRUE	TRUE
ENSG00000260948	NA	-1.60744569729732	1.12448714395421e-05	PD_down	-1.55946591551718	0.00847386442622259	-1.67612204920079	0.00784296949762824	TRUE	TRUE
ENSG00000261068	NA	-1.48771150012003	6.23298203840836e-05	PD_down	-1.01522117534564	0.197458811592581	-1.994823372912	0.000149704699700573	TRUE	TRUE
ENSG00000261241	LINC02128	-1.05964596785731	0.00250966264418203	PD_down	-1.15870986691001	0.0998006430120874	-0.972668001323563	0.067513713280937	TRUE	TRUE
ENSG00000261324	NA	1.24827087254616	7.11562224685702e-06	PD_up	1.51217534814636	9.35806479431348e-05	0.902840434744675	0.055762124525336	TRUE	TRUE
ENSG00000261326	NA	-1.08356628807639	2.99314349620584e-05	PD_down	-0.568788643155133	0.215243964262689	-1.74946794798405	3.55373589821453e-06	TRUE	TRUE
ENSG00000261635	NA	1.05787392499527	0.00287040062983163	PD_up	0.920783844764857	0.225283261923764	1.17887929849643	0.0158403169144234	TRUE	TRUE
ENSG00000261786	NA	1.03039302863604	0.000248396942400629	PD_up	1.43717440036555	8.84640404312178e-06	0.47071137956015	0.310671485976645	TRUE	FALSE
ENSG00000262001	NA	1.08758779560027	2.26973198525653e-07	PD_up	0.451499307544246	0.00545761891495921	1.77933364860671	5.38636903385914e-32	TRUE	FALSE
ENSG00000262655	SPON1	1.056863590939	0.000707213172845486	PD_up	0.172390601526482	0.702414444253668	2.0399264924404	1.0051608251703e-14	TRUE	FALSE
ENSG00000263711	LINC02864	-8.40970518235426	5.54973926573928e-28	PD_down	-6.8459603451431	1.95733487908603e-56	-11.8500668383087	7.09658426778639e-22	TRUE	TRUE
ENSG00000266074	BAHCC1	-1.72320218741291	0.005365419676267	PD_down	-3.44270148566616	8.78667032595501e-14	0.130410792583711	0.883380226352991	FALSE	FALSE
ENSG00000266338	NBPF15	-1.11799296847079	1.98723334578941e-05	PD_down	-1.23842515730447	0.00620614539515685	-0.994939833523653	0.006725644358509	TRUE	TRUE
ENSG00000266714	MYO15B	-1.00521286560035	3.75903347976535e-06	PD_down	-1.16409059574493	0.000182019027014533	-0.832085137464066	0.00246315499934293	TRUE	TRUE
ENSG00000267055	NA	-1.36711436105023	0.0277164745744372	PD_down	-0.0642226903327459	0.962613149955825	-3.42716644971478	0.00040411763876656	TRUE	FALSE
ENSG00000267506	NA	-1.82251693221166	4.36966491516885e-05	PD_down	-1.67694995752055	0.0214093449964483	-2.04453671203885	0.0101362022764168	TRUE	TRUE
ENSG00000267909	CCDC177	-1.11995623893691	1.61481935734216e-06	PD_down	-1.16675292143052	0.000801666887887282	-1.06568716081934	0.000382731576966899	TRUE	TRUE
ENSG00000268282	NA	-1.10038083608994	0.000705949739848941	PD_down	-1.30485905246457	0.0547798261248027	-0.925219882038141	0.0499475368964714	TRUE	TRUE
ENSG00000269397	NA	-1.29302057407799	0.0195738269835395	PD_down	-3.22091667008557	NA	-0.250939826440327	0.71438714721152	TRUE	FALSE
ENSG00000269883	NA	1.2291644869837	0.00389748893323023	PD_up	1.16793945495681	0.21086994458909	1.28520771750724	0.0368475864745343	TRUE	TRUE
ENSG00000270532	NA	1.01462477989968	0.0227871749767748	PD_up	1.08713815256999	0.189374179184361	0.924170564068344	0.246169268853418	TRUE	TRUE
ENSG00000270977	NA	-1.23010041530101	0.000440684502282701	PD_down	-0.804909981430139	0.207510972311148	-1.85211691273374	0.00143989630871876	TRUE	TRUE
ENSG00000271266	NA	1.55585095628317	1.82297314474238e-08	PD_up	1.68120701282202	0.000654042109376897	1.42964514468582	0.000648484874436249	TRUE	TRUE
ENSG00000271601	LIX1L	-1.3880774355822	1.49869271164705e-11	PD_down	-1.50216401656308	7.20614515048442e-07	-1.23782195893157	9.40202545048941e-05	TRUE	TRUE
ENSG00000272316	NA	-1.76947059574077	0.000455855474086164	PD_down	-1.47624448763261	NA	-2.08349947290132	0.0082875489274485	TRUE	TRUE
ENSG00000273983	H3C8	1.28178425657128	3.42171416507177e-05	PD_up	1.53513815212491	0.000121651830350394	0.907196392741187	0.0978931555619764	TRUE	TRUE
ENSG00000274750	H3C6	1.98354915320552	2.6576217814922e-05	PD_up	1.61030200885591	0.0125525643325753	2.65254578875039	0.00148149609456492	TRUE	TRUE
ENSG00000275591	XKR5	-1.24712156518734	1.10940659903829e-10	PD_down	-1.07025474399514	0.000258599386905774	-1.42983403681054	1.06916204322092e-10	TRUE	TRUE
ENSG00000276248	NA	-1.20004277577552	1.04108922351855e-07	PD_down	-1.12190826316113	0.00773740885462915	-1.28006066196172	0.000103051275036348	TRUE	TRUE
ENSG00000278023	RDM1	-1.04059172367923	0.000522767571900777	PD_down	-0.65509691009242	0.233929483873321	-1.50539968902413	0.000342998838951252	TRUE	TRUE
ENSG00000279838	NA	1.44429568758265	0.000390988349000749	PD_up	1.04313083727333	0.164071760938982	1.95636521449004	0.00225097763461797	TRUE	TRUE
ENSG00000284681	NA	-1.03533581939823	0.0248932387894505	PD_down	-0.770411917518383	NA	-1.29091458876705	0.0470288869213926	TRUE	TRUE
ENSG00000285103	NA	-1.05652473732372	0.000118790299177279	PD_down	-1.22366726872295	0.0342906509675873	-0.920925590342718	0.0196311325020792	TRUE	TRUE
