gene_id	baseMean	log2FoldChange	lfcSE	stat	pvalue	padj	symbol	entrez	gene_name	direction
ENSG00000227081	841.624495328764	1.20422899829222	0.0562482007728335	21.4092003254588	1.09678486914442e-101	1.69343583795899e-97	NA	NA	NA	PD_up
ENSG00000244716	126.963046281708	2.71333097332984	0.145908927756451	18.5960586171868	3.45817842998323e-77	2.66971374794706e-73	RPL17P7	100132742	ribosomal protein L17 pseudogene 7	PD_up
ENSG00000086475	6455.52132020401	1.02160991992668	0.0553655841223413	18.452075167657	5.01806349079588e-76	2.58263000992961e-72	SEPHS1	22929	selenophosphate synthetase 1	PD_up
ENSG00000237515	393.745883052487	1.23637844521557	0.0733175774803864	16.863329200236	8.37366126554484e-64	3.23223324850031e-60	SHISA9	729993	shisa family member 9	PD_up
ENSG00000229814	67.9342516564957	2.93538972450057	0.208110299884194	14.1049709030933	3.53935224071701e-45	6.07195539963007e-42	NA	NA	NA	PD_up
ENSG00000196109	102.540554142076	-7.23073354914497	0.535008768060631	-13.5151683127659	1.2726430604906e-41	1.78632807763408e-38	ZNF676	163223	zinc finger protein 676	PD_down
ENSG00000163596	153.750585974956	-2.19953092604469	0.167337107009379	-13.1443106992486	1.83469799055144e-39	2.36064474784285e-36	ICA1L	130026	islet cell autoantigen 1 like	PD_down
ENSG00000230383	46.7914095732182	3.03674567627873	0.241118717229683	12.5944004313278	2.26675788347683e-36	2.49991012292016e-33	RPL6P19	646483	ribosomal protein L6 pseudogene 19	PD_up
ENSG00000263711	302.222736418834	-8.40970518235426	0.727399472758477	-11.5613297744946	6.46990328907429e-31	5.54973926573928e-28	LINC02864	400655	long intergenic non-protein coding RNA 2864	PD_down
ENSG00000139219	187.731260252441	-1.56020056920245	0.143038201193441	-10.9075796268752	1.06042117869525e-27	6.82204291627277e-25	COL2A1	1280	collagen type II alpha 1 chain	PD_down
ENSG00000241511	56.388645508672	-1.79870190936399	0.172661657473768	-10.4174947448148	2.06316185071624e-25	9.36918205148788e-23	RPS15AP24	648729	ribosomal protein S15a pseudogene 24	PD_down
ENSG00000178163	310.755999836119	-1.46762686578045	0.145682877503611	-10.074120520746	7.19011547568041e-24	2.58175309173269e-21	ZNF518B	85460	zinc finger protein 518B	PD_down
ENSG00000139364	1084.12860973833	1.1141788964441	0.113288337117781	9.83489496615823	7.96506777562921e-23	2.56209680116073e-20	TMEM132B	114795	transmembrane protein 132B	PD_up
ENSG00000205181	25.7150025792209	-4.10400518076887	0.417273709310594	-9.8352833864117	7.93439089069512e-23	2.56209680116073e-20	LINC00654	149837	long intergenic non-protein coding RNA 654	PD_down
ENSG00000206262	37.9152924253653	2.80362562498433	0.29000916241077	9.66736913302505	4.14906782284984e-22	1.23195398432311e-19	FOXL2NB	401089	FOXL2 neighbor	PD_up
ENSG00000196581	68.0075110625381	1.53369735174163	0.160522810588406	9.55438885053018	1.24315467224317e-21	3.42755502489903e-19	AJAP1	55966	adherens junctions associated protein 1	PD_up
ENSG00000144057	191.329126547888	1.16127175506469	0.122185811424758	9.50414570663797	2.01696700808013e-21	5.10524108274709e-19	ST6GAL2	84620	ST6 beta-galactoside alpha-2,6-sialyltransferase 2	PD_up
ENSG00000132510	106.507085628943	-1.30365377133313	0.137960162036442	-9.44949434742452	3.4047143690367e-21	8.47883707385914e-19	KDM6B	23135	lysine demethylase 6B	PD_down
ENSG00000253683	68.7558772301959	1.75097143404162	0.186100360944559	9.40874818917332	5.02080701481718e-21	1.19263477398119e-18	NA	NA	NA	PD_up
ENSG00000189060	1142.48729075288	-1.10602011929164	0.117532765968102	-9.41031303212764	4.94661497637526e-21	1.19263477398119e-18	H1-0	3005	H1.0 linker histone	PD_down
ENSG00000116833	62.4709502701815	1.57867699254129	0.170727748836888	9.24675106007255	2.31419945922311e-20	5.25459406623601e-18	NR5A2	2494	nuclear receptor subfamily 5 group A member 2	PD_up
ENSG00000154188	63.1798639895859	-1.72209015388267	0.186523669693976	-9.23255561456656	2.64250446794998e-20	5.9130824616156e-18	ANGPT1	284	angiopoietin 1	PD_down
ENSG00000213315	154.710238486641	-1.02487919227855	0.111455933960092	-9.19537574953629	3.73686265826497e-20	8.22830863188655e-18	RPS18P2	326320	ribosomal protein S18 pseudogene 2	PD_down
ENSG00000120949	258.992225562035	1.31484266199181	0.144506600332722	9.09884156823581	9.13004165627482e-20	1.85484004174846e-17	TNFRSF8	943	TNF receptor superfamily member 8	PD_up
ENSG00000240771	70.2484181043412	-1.79277741971303	0.197130249817717	-9.09438009321648	9.51275774660447e-20	1.88303820009709e-17	ARHGEF25	115557	Rho guanine nucleotide exchange factor 25	PD_down
ENSG00000112394	94.923519976827	1.19513234260031	0.135793658247232	8.80109099369283	1.35492431773302e-18	2.37727630293157e-16	SLC16A10	117247	solute carrier family 16 member 10	PD_up
ENSG00000145536	149.555726914141	1.10513337391589	0.126967567698478	8.70406036713531	3.20216579488078e-18	5.37406955140861e-16	ADAMTS16	170690	ADAM metallopeptidase with thrombospondin type 1 motif 16	PD_up
ENSG00000180573	104.958130003156	1.53464310148345	0.178676611126393	8.58894228969828	8.77735897156469e-18	1.41169190125999e-15	H2AC6	8334	H2A clustered histone 6	PD_up
ENSG00000172020	152.980722527482	1.03563139756807	0.12204677056339	8.48552889017394	2.14739767256379e-17	3.31558200643849e-15	GAP43	2596	growth associated protein 43	PD_up
ENSG00000115648	77.1479164179962	1.34740619466835	0.16188588838576	8.32318497988898	8.56306529166631e-17	1.22420118614192e-14	MLPH	79083	melanophilin	PD_up
ENSG00000186603	331.839988189102	1.51811145877082	0.185453255882555	8.18595204245009	2.70159308386906e-16	3.59591355301192e-14	HPDL	84842	4-hydroxyphenylpyruvate dioxygenase like	PD_up
ENSG00000158863	132.747335005659	-1.04301597214346	0.128645591743694	-8.10766974605323	5.15997550856245e-16	6.63916848768369e-14	FHIP2B	64760	FHF complex subunit HOOK interacting protein 2B	PD_down
ENSG00000147596	658.711073337975	1.04821727622832	0.131907418677766	7.94661351678015	1.91679234895176e-15	2.31213077092306e-13	PRDM14	63978	PR/SET domain 14	PD_up
ENSG00000235555	36.1586091320198	-1.77273163369788	0.223689804429095	-7.92495499838393	2.28228969896879e-15	2.68996587420443e-13	NA	NA	NA	PD_down
ENSG00000196350	41.8552872909917	-6.72810233077253	0.861781442307664	-7.80720261596273	5.84712306913326e-15	6.49493382643292e-13	ZNF729	100287226	zinc finger protein 729	PD_down
ENSG00000080007	22.5670506339658	-4.03406023297733	0.518212721618869	-7.78456426228816	6.99538804857927e-15	7.66019797660028e-13	DDX43	55510	DEAD-box helicase 43	PD_down
ENSG00000167363	131.932635358007	-1.04478752439957	0.135903702509719	-7.68770464016498	1.49798130623086e-14	1.54192209121363e-12	FN3K	64122	fructosamine 3 kinase	PD_down
ENSG00000230316	144.384504479956	-2.48219619268733	0.32768624235073	-7.57491731993613	3.59356420904291e-14	3.53405295462564e-12	FEZF1-AS1	154860	FEZF1 antisense RNA 1	PD_down
ENSG00000213312	43.4898355575375	1.47515936314359	0.19788569163325	7.45460346813534	9.01385145045815e-14	8.23514002337715e-12	RPL7AP34	441154	ribosomal protein L7a pseudogene 34	PD_up
ENSG00000243829	59.7464965740614	1.11857396619253	0.150398135229842	7.43741911748508	1.02671406927717e-13	9.05855155979404e-12	RPS9P4	388556	ribosomal protein S9 pseudogene 4	PD_up
ENSG00000049239	244.467946180402	-1.00130614510283	0.135281720225456	-7.40163669883923	1.34516104700335e-13	1.18007310032567e-11	H6PD	9563	hexose-6-phosphate dehydrogenase/glucose 1-dehydrogenase	PD_down
ENSG00000234488	22.0576544737723	2.23566027089019	0.30226515252977	7.39635466470122	1.39973845703111e-13	1.22101478963618e-11	RPL27P6	647112	ribosomal protein L27 pseudogene 6	PD_up
ENSG00000197956	67.4646185282254	1.25169943138722	0.169808196879901	7.37125447644026	1.69029835776196e-13	1.44188986982567e-11	S100A6	6277	S100 calcium binding protein A6	PD_up
ENSG00000271601	56.1092309624416	-1.3880774355822	0.188497349065537	-7.36390958527266	1.78600685843949e-13	1.49869271164705e-11	LIX1L	128077	limb and CNS expressed 1 like	PD_down
ENSG00000243964	25.4637727903697	1.86309731210217	0.256385038065055	7.26679421764628	3.68118926409254e-13	2.92977124936025e-11	RPL23AP65	440027	ribosomal protein L23a pseudogene 65	PD_up
ENSG00000198134	70.3912161397889	-1.34908714446646	0.187590398991389	-7.19166413483874	6.40063265043678e-13	4.82076917671921e-11	NA	NA	NA	PD_down
ENSG00000226608	72.0475204248045	1.07818371348264	0.151833652082941	7.10108529098453	1.23780952707046e-12	8.84804587868887e-11	NA	NA	NA	PD_up
ENSG00000275591	86.1982823799574	-1.24712156518734	0.17648154286228	-7.06658353593697	1.58794597401206e-12	1.10940659903829e-10	XKR5	389610	XK related 5	PD_down
ENSG00000137393	71.8185037213287	1.05301811483724	0.149617986945861	7.03804493251379	1.94955827541026e-12	1.3559089987538e-10	RNF144B	255488	ring finger protein 144B	PD_up
ENSG00000001630	81.1961892802832	1.09612024933306	0.157027192983404	6.98044859942767	2.94239000700801e-12	1.96668838563652e-10	CYP51A1	1595	cytochrome P450 family 51 subfamily A member 1	PD_up
ENSG00000147804	36.6864921390463	-1.59443168201432	0.22938033905755	-6.95103899734965	3.62605607949006e-12	2.34252325804714e-10	SLC39A4	55630	solute carrier family 39 member 4	PD_down
ENSG00000229544	162.245359526266	1.17814027417192	0.170200644122544	6.92206707116606	4.45100401072813e-12	2.828127651261e-10	NKX1-2	390010	NK1 homeobox 2	PD_up
ENSG00000156076	38.4427111769724	1.46018652198103	0.213071181435818	6.85304559791382	7.22940292853467e-12	4.37733259672844e-10	WIF1	11197	Wnt inhibitory factor 1	PD_up
ENSG00000204851	31.0376198749036	-1.48333852021144	0.217143581493106	-6.83114145033358	8.42416168944585e-12	4.98669199217519e-10	PNMA8B	57469	PNMA family member 8B	PD_down
ENSG00000175592	74.0324031868462	1.01971169604069	0.14968364366917	6.81244570912805	9.59532730592656e-12	5.63315032712951e-10	FOSL1	8061	FOS like 1, AP-1 transcription factor subunit	PD_up
ENSG00000166825	37.163272403932	-1.42051442241296	0.20955685868627	-6.77865869587039	1.21296693210549e-11	7.04068023748448e-10	ANPEP	290	alanyl aminopeptidase, membrane	PD_down
ENSG00000154240	46.4269987284512	-1.20362963832076	0.17761001048611	-6.7768119320892	1.22856641651124e-11	7.10451890297138e-10	CEP112	201134	centrosomal protein 112	PD_down
ENSG00000233155	25.7682845694107	1.5840736265794	0.23710712676465	6.68083514904945	2.37584367585136e-11	1.30081653741649e-09	NA	NA	NA	PD_up
ENSG00000178394	28.6260477885619	2.45183318035165	0.379198896062343	6.46582362399218	1.00748536079231e-10	4.9382774509947e-09	HTR1A	3350	5-hydroxytryptamine receptor 1A	PD_up
ENSG00000170049	31.1101449664415	-1.44847157177142	0.224689307708317	-6.44655318290342	1.14422476873164e-10	5.59076912316978e-09	KCNAB3	9196	potassium voltage-gated channel subfamily A regulatory beta subunit 3	PD_down
ENSG00000184470	78.0219534998229	1.0882199752511	0.169571197811728	6.41748120727046	1.38547456110967e-10	6.66408947773621e-09	TXNRD2	10587	thioredoxin reductase 2	PD_up
ENSG00000235884	22.1034670575912	1.6526584766515	0.257747073455986	6.41193886119416	1.43680461578334e-10	6.86819296213461e-09	NA	NA	NA	PD_up
ENSG00000198963	146.3080767547	1.29089806800286	0.202790781366004	6.36566445134901	1.94446109540085e-10	9.04291545571962e-09	RORB	6096	RAR related orphan receptor B	PD_up
ENSG00000141526	120.112733944316	-1.52446423535529	0.240152172333576	-6.347909413194	2.18260530568599e-10	9.97024435496795e-09	SLC16A3	9123	solute carrier family 16 member 3	PD_down
ENSG00000179855	45.4522200920929	-1.40036349393247	0.221708520547732	-6.31623669885516	2.68009460351676e-10	1.20996083854675e-08	GIPC3	126326	GIPC PDZ domain containing family member 3	PD_down
ENSG00000163017	45.8485745068267	1.38601443146479	0.221156795686231	6.26711210552722	3.67805368816313e-10	1.63187209612755e-08	ACTG2	72	actin gamma 2, smooth muscle	PD_up
ENSG00000271266	24.3284422760286	1.55585095628317	0.249031382971188	6.2476099908387	4.16780777262992e-10	1.82297314474238e-08	NA	NA	NA	PD_up
ENSG00000111199	30.389829168147	-1.363263587078	0.219202138186112	-6.21920752397281	4.99672081117992e-10	2.15501031633011e-08	TRPV4	59341	transient receptor potential cation channel subfamily V member 4	PD_down
ENSG00000187837	54.2685535867669	1.10080279716739	0.177306123070959	6.20848720902234	5.3497076117213e-10	2.29443015347158e-08	H1-2	3006	H1.2 linker histone, cluster member	PD_up
ENSG00000124635	25.7297096348545	1.67695717265056	0.270277085798637	6.20458507496241	5.4841400210139e-10	2.33909176586891e-08	H2BC11	8970	H2B clustered histone 11	PD_up
ENSG00000205358	95.647278524857	1.35751717015732	0.219708749079574	6.17871239012722	6.46265046015706e-10	2.72632030341052e-08	MT1H	4496	metallothionein 1H	PD_up
ENSG00000160216	138.262829620067	-1.02118325472745	0.167486609612498	-6.09710386454231	1.08007347130587e-09	4.33151542778252e-08	AGPAT3	56894	1-acylglycerol-3-phosphate O-acyltransferase 3	PD_down
ENSG00000233476	34.4562267771247	1.29041048360939	0.212627349519146	6.06888289078352	1.28803021903236e-09	5.11238729610786e-08	NA	NA	NA	PD_up
ENSG00000173442	74.8842742905607	-1.05650736056029	0.174437081766948	-6.05666725135777	1.38970639989968e-09	5.4598134387916e-08	EHBP1L1	254102	EH domain binding protein 1 like 1	PD_down
ENSG00000184588	70.8814421069369	1.01028137099711	0.167504435560594	6.03137085663407	1.62574617525259e-09	6.21324775888614e-08	PDE4B	5142	phosphodiesterase 4B	PD_up
ENSG00000276248	37.133809757652	-1.20004277577552	0.202213088839727	-5.93454549683806	2.94660615723838e-09	1.04108922351855e-07	NA	NA	NA	PD_down
ENSG00000091656	84.0261226405723	-1.26641742976408	0.214230074921019	-5.91148292428584	3.39041417104007e-09	1.15814147789511e-07	ZFHX4	79776	zinc finger homeobox 4	PD_down
ENSG00000179546	35.3384420413429	1.28129313785866	0.218091220125175	5.87503310368594	4.22758859240105e-09	1.38880782695047e-07	HTR1D	3352	5-hydroxytryptamine receptor 1D	PD_up
ENSG00000247498	21.0021221173704	-1.89260431674252	0.322350890985514	-5.87125511257722	4.32508114210252e-09	1.41781853150877e-07	GPRC5D-AS1	100506314	GPRC5D and HEBP1 antisense RNA 1	PD_down
ENSG00000259203	30.2527112422981	1.44613217698753	0.247191007175848	5.85026208481271	4.90799036223532e-09	1.60210087088612e-07	LOC101928499	101928499	uncharacterized LOC101928499	PD_up
ENSG00000211772	72.9110515061005	1.0764492927951	0.184439503653092	5.8363272047173	5.33640501240158e-09	1.72372580316905e-07	TRBC2	28638	T cell receptor beta constant 2	PD_up
ENSG00000078900	57.0749026604445	-1.0737997003015	0.184473387562553	-5.8208921866163	5.8534320167899e-09	1.86344309977806e-07	TP73	7161	tumor protein p73	PD_down
ENSG00000262001	228.010298992534	1.08758779560027	0.188042516689026	5.78373345959232	7.30606733596176e-09	2.26973198525653e-07	NA	NA	NA	PD_up
ENSG00000229230	14.4692097230835	2.06979846405541	0.360052108420885	5.74860809212621	8.99811135195893e-09	2.75331105593521e-07	MT1P3	140851	metallothionein 1 pseudogene 3	PD_up
ENSG00000254585	88.6349618865801	-1.2151384980746	0.21157281404907	-5.74335839666419	9.28169853326048e-09	2.82105168018783e-07	MAGEL2	54551	MAGE family member L2	PD_down
ENSG00000118523	874.245286141343	1.23938045576405	0.216576527512398	5.72259824275325	1.04907143450627e-08	3.16360604468297e-07	CCN2	1490	cellular communication network factor 2	PD_up
ENSG00000128610	152.352520864518	-2.0875712773991	0.365274587516311	-5.71507394366951	1.09656331273787e-08	3.30037768979976e-07	FEZF1	389549	FEZ family zinc finger 1	PD_down
ENSG00000140939	20.5441784895058	-1.55525440290864	0.273641951094323	-5.68353791035701	1.31936461081542e-08	3.88018849352192e-07	NOL3	8996	nucleolar protein 3	PD_down
ENSG00000168769	59.6651241783514	-1.03768514997995	0.182947706013596	-5.67203149244645	1.41114026961113e-08	4.118715645141e-07	TET2	54790	tet methylcytosine dioxygenase 2	PD_down
ENSG00000214021	45.8425427890548	-1.0486146411035	0.185826331289737	-5.64298199197893	1.67129833451424e-08	4.7876857514616e-07	TTLL3	26140	tubulin tyrosine ligase like 3	PD_down
ENSG00000165495	33.2602249821979	-1.17192636617901	0.208656774501044	-5.61652680092178	1.94834041337267e-08	5.45959636705517e-07	PKNOX2	63876	PBX/knotted 1 homeobox 2	PD_down
ENSG00000225193	36.0902726395893	1.25677384427442	0.224378759821223	5.60112661856129	2.12963099779777e-08	5.90332183231555e-07	NA	NA	NA	PD_up
ENSG00000114200	44.5645920988369	-1.09586119803453	0.197001806815328	-5.56269617903455	2.65638139320351e-08	7.15785841379794e-07	BCHE	590	butyrylcholinesterase	PD_down
ENSG00000213938	31.2347829134968	1.15760688399299	0.209304985165986	5.53071816743863	3.18922372604843e-08	8.40300585839381e-07	SEPHS1P6	729399	selenophosphate synthetase 1 pseudogene 6	PD_up
ENSG00000164976	130.12900892491	-1.05053622588246	0.189975621597809	-5.52984755121113	3.20509200469802e-08	8.41622243117707e-07	MYORG	57462	myogenesis regulating glycosidase	PD_down
ENSG00000189292	24.8485828680818	1.29036441817215	0.234841616218475	5.49461564330112	3.91562271856522e-08	9.94362085109327e-07	ALKAL2	285016	ALK and LTK ligand 2	PD_up
ENSG00000243566	22.8537472796243	1.47391495807334	0.271272466825239	5.43333783676202	5.53095483627016e-08	1.35767794391115e-06	UPK3B	105375355	uroplakin 3B	PD_up
ENSG00000139209	139.770310308734	1.87310791668578	0.346994119485533	5.39809700366947	6.73514517395797e-08	1.6122580075335e-06	SLC38A4	55089	solute carrier family 38 member 4	PD_up
ENSG00000267909	57.2732899190781	-1.11995623893691	0.207494055509135	-5.39753409411576	6.75630378784349e-08	1.61481935734216e-06	CCDC177	56936	coiled-coil domain containing 177	PD_down
ENSG00000104435	31.2036126969511	-2.06296858969985	0.383538494547957	-5.37877845125115	7.49929251773646e-08	1.77047517544115e-06	STMN2	11075	stathmin 2	PD_down
ENSG00000148516	14.8772657006471	-2.04921204459309	0.383405996998446	-5.34475741286175	9.05382262222121e-08	2.08022353105797e-06	ZEB1	6935	zinc finger E-box binding homeobox 1	PD_down
ENSG00000101180	48.8195806640505	1.1851226576395	0.224611744525855	5.27631651738086	1.31806354249861e-07	2.87442105878229e-06	HRH3	11255	histamine receptor H3	PD_up
ENSG00000230146	40.8015594170258	1.01053702417309	0.191718919771696	5.27093009587402	1.35734162125808e-07	2.94758855586847e-06	NA	NA	NA	PD_up
ENSG00000122254	26.1899553844822	1.39000384267158	0.264899033299932	5.24729677324927	1.54347159898069e-07	3.30529840336502e-06	HS3ST2	9956	heparan sulfate-glucosamine 3-sulfotransferase 2	PD_up
ENSG00000155093	22.3097944793065	-1.61781455166373	0.309495066487649	-5.22727089004598	1.72030366581313e-07	3.64855612639487e-06	PTPRN2	5799	protein tyrosine phosphatase receptor type N2	PD_down
ENSG00000184347	21.2288647576794	-1.67504320180429	0.320461766425072	-5.22696738675044	1.72312879571282e-07	3.6495347881764e-06	SLIT3	6586	slit guidance ligand 3	PD_down
ENSG00000183770	16.7541453941602	2.18546698733265	0.418253003499223	5.22522724056591	1.73941356344634e-07	3.67394602183467e-06	FOXL2	668	forkhead box L2	PD_up
ENSG00000110881	62.7675858387803	-1.03122379828599	0.197392043174543	-5.22424197906566	1.74869978083727e-07	3.68851429182069e-06	ASIC1	41	acid sensing ion channel subunit 1	PD_down
ENSG00000164265	91.4362656461138	1.12971731586737	0.216390519249349	5.22073388328802	1.7821547741515e-07	3.74373737590465e-06	SCGB3A2	117156	secretoglobin family 3A member 2	PD_up
ENSG00000266714	67.7920958217389	-1.00521286560035	0.19257958702167	-5.21972697701982	1.79187088154618e-07	3.75903347976535e-06	MYO15B	80022	myosin XVB	PD_down
ENSG00000237872	15.7255065400005	1.60601679938923	0.308951094154367	5.19828811024305	2.01132219683271e-07	4.15623606312774e-06	POU5F1P4	645682	POU class 5 homeobox 1 pseudogene 4	PD_up
ENSG00000187957	77.5420962538139	1.22731588287544	0.236146003347793	5.19727569163159	2.0223033361934e-07	4.16880687727986e-06	DNER	92737	delta/notch like EGF repeat containing	PD_up
ENSG00000223873	14.8594395448485	-1.90933069103431	0.371287036539477	-5.14246527115499	2.71156577467726e-07	5.43721760532687e-06	NA	NA	NA	PD_down
ENSG00000013364	48.4962387467858	-1.2832482298837	0.250171904357464	-5.12946580943836	2.90565537594458e-07	5.75909101470916e-06	MVP	9961	major vault protein	PD_down
ENSG00000130270	78.9543763237624	-1.03553475790654	0.202064335469728	-5.1247774897994	2.97889330804842e-07	5.88160008647924e-06	ATP8B3	148229	ATPase phospholipid transporting 8B3	PD_down
ENSG00000198719	25.2468676598928	-1.56045165093967	0.30577185476513	-5.10332009510258	3.33745781886239e-07	6.50635716202467e-06	DLL1	28514	delta like canonical Notch ligand 1	PD_down
ENSG00000261324	30.269782332937	1.24827087254616	0.245495895226947	5.08469142179427	3.68224234147588e-07	7.11562224685702e-06	NA	NA	NA	PD_up
ENSG00000226535	27.2414316625121	-1.1123161629868	0.218805199780943	-5.0835910851314	3.70364843443911e-07	7.14804147846749e-06	NA	NA	NA	PD_down
ENSG00000125430	117.859654397569	1.0084272034206	0.199079121230968	5.06545938712799	4.07416635208905e-07	7.76606524398209e-06	HS3ST3B1	9953	heparan sulfate-glucosamine 3-sulfotransferase 3B1	PD_up
ENSG00000234261	30.5018474672942	1.1818914479584	0.233887523886723	5.0532470835461	4.34361383343932e-07	8.18522531270051e-06	NA	NA	NA	PD_up
ENSG00000119865	23.1488142152224	1.30596416210881	0.259215260120724	5.03814536806429	4.70064384800524e-07	8.75487828868527e-06	CNRIP1	25927	cannabinoid receptor interacting protein 1	PD_up
ENSG00000212789	27.5418437752115	1.17037477389248	0.232821894978186	5.02691026547197	4.98445446152774e-07	9.22781497433913e-06	NA	NA	NA	PD_up
ENSG00000116016	24.396319595669	1.25688855693966	0.250082852307858	5.02588860187983	5.01106725323849e-07	9.26597345988051e-06	EPAS1	2034	endothelial PAS domain protein 1	PD_up
ENSG00000233393	37.0676811426012	1.74634898079707	0.350261375341221	4.98584515376778	6.16915394470532e-07	1.10245065863715e-05	LOC105369306	105369306	uncharacterized LOC105369306	PD_up
ENSG00000260948	15.812710353791	-1.60744569729732	0.322692969988961	-4.98134712185489	6.31431576300714e-07	1.12448714395421e-05	NA	NA	NA	PD_down
ENSG00000111799	66.6321398474473	1.17096224939888	0.237072787548844	4.93925203945064	7.84227958912714e-07	1.36050333546206e-05	COL12A1	1303	collagen type XII alpha 1 chain	PD_up
ENSG00000124092	16.2570940328101	-1.6267193714966	0.330669511157485	-4.91947190958849	8.67780205329073e-07	1.48490849046661e-05	CTCFL	140690	CCCTC-binding factor like	PD_down
ENSG00000106341	26.7643682738205	1.32435028226749	0.270645065055771	4.89331029181924	9.91538896423792e-07	1.66225413254977e-05	PPP1R17	10842	protein phosphatase 1 regulatory subunit 17	PD_up
ENSG00000008735	56.8779545600152	-1.1995060379928	0.245447471082548	-4.88701730232692	1.02375099995243e-06	1.70514729657664e-05	MAPK8IP2	23542	mitogen-activated protein kinase 8 interacting protein 2	PD_down
ENSG00000170345	43.3807934902948	1.14228812909401	0.233761517469265	4.88655336199295	1.0261652402079e-06	1.70732664965625e-05	FOS	2353	Fos proto-oncogene, AP-1 transcription factor subunit	PD_up
ENSG00000101144	114.836797660806	-1.03762783237145	0.213446648817734	-4.86129830624561	1.16618361921975e-06	1.91348300539351e-05	BMP7	655	bone morphogenetic protein 7	PD_down
ENSG00000266338	33.124303406331	-1.11799296847079	0.230422759387231	-4.85192075402575	1.22271481768131e-06	1.98723334578941e-05	NBPF15	284565	NBPF member 15	PD_down
ENSG00000210195	26.5373179849085	1.14927470861079	0.237473797926853	4.83958532959828	1.30110319131894e-06	2.1013633131762e-05	NA	NA	NA	PD_up
ENSG00000185567	89.7154479361843	-1.05393124012886	0.218829592041689	-4.81621900537143	1.46303945571491e-06	2.3312001234508e-05	AHNAK2	113146	AHNAK nucleoprotein 2	PD_down
ENSG00000124343	15.0767590074947	-1.80951946807594	0.375864373626479	-4.81428833123244	1.47725388993761e-06	2.34658436837827e-05	XG	7499	Xg glycoprotein (Xg blood group)	PD_down
ENSG00000274750	13.572682235558	1.98354915320552	0.414509309880362	4.7852945782521	1.70736731880164e-06	2.6576217814922e-05	H3C6	8353	H3 clustered histone 6	PD_up
ENSG00000111644	15.0444875669619	-1.57915040915119	0.331365035948026	-4.76559153150628	1.88300389845122e-06	2.89289355145143e-05	ACRBP	84519	acrosin binding protein	PD_down
ENSG00000146477	13.7249329441725	1.87389033594779	0.393823422866547	4.75819930238833	1.95327593213368e-06	2.98599805862813e-05	SLC22A3	6581	solute carrier family 22 member 3	PD_up
ENSG00000261326	34.4797635984927	-1.08356628807639	0.22776651526107	-4.75735551748855	1.96145549926242e-06	2.99314349620584e-05	NA	NA	NA	PD_down
ENSG00000273983	28.3208836529214	1.28178425657128	0.271273012944078	4.72507103696125	2.30034928973089e-06	3.42171416507177e-05	H3C8	8355	H3 clustered histone 8	PD_up
ENSG00000228218	25.7206432307169	1.16125478564748	0.247409906040254	4.69364709050309	2.68376860179532e-06	3.94266291262794e-05	NA	NA	NA	PD_up
ENSG00000156574	37.5990596459634	-1.16482772760799	0.249444468124772	-4.66968755156095	3.0165818642599e-06	4.3366875218038e-05	NODAL	4838	nodal growth differentiation factor	PD_down
ENSG00000267506	10.7446043820744	-1.82251693221166	0.390433704710342	-4.66792930585684	3.04250542834222e-06	4.36966491516885e-05	NA	NA	NA	PD_down
ENSG00000141096	27.9180009663672	3.61427226696294	0.775304452959316	4.66174578666144	3.13538327678644e-06	4.47829026767647e-05	DPEP3	64180	dipeptidase 3	PD_up
ENSG00000054356	64.8730504657882	1.21240844299868	0.260241458914274	4.65878283981668	3.18084539343323e-06	4.5264749193188e-05	PTPRN	5798	protein tyrosine phosphatase receptor type N	PD_up
ENSG00000154645	26.09238658638	-1.51279393181577	0.326887750582731	-4.62786974770075	3.69446244381233e-06	5.17627042944305e-05	CHODL	140578	chondrolectin	PD_down
ENSG00000169554	19.3414862806194	-2.40987680238465	0.520989637951974	-4.6255753029138	3.73560051133036e-06	5.22822059492098e-05	ZEB2	9839	zinc finger E-box binding homeobox 2	PD_down
ENSG00000135454	13.7408161426332	-1.60611702200945	0.347615048460889	-4.62038979359709	3.83019755974239e-06	5.31818797863511e-05	B4GALNT1	2583	beta-1,4-N-acetyl-galactosaminyltransferase 1	PD_down
ENSG00000261068	15.2550833456437	-1.48771150012003	0.324778665197202	-4.58069343691868	4.63436747415337e-06	6.23298203840836e-05	NA	NA	NA	PD_down
ENSG00000006128	25.060294740404	1.17419492392234	0.256813564512157	4.57216863195228	4.82702212896559e-06	6.44716450443154e-05	TAC1	6863	tachykinin precursor 1	PD_up
ENSG00000106804	15.0461057891273	-1.4038075014362	0.311153640529115	-4.51162165112075	6.43338684441579e-06	8.27762440648165e-05	C5	727	complement C5	PD_down
ENSG00000118194	56.7663044377488	1.11732535450799	0.248672685550762	4.493156745516	7.01750930476003e-06	8.92506949468656e-05	TNNT2	7139	troponin T2, cardiac type	PD_up
ENSG00000115461	66.3823206956876	-1.36373613533673	0.30363438491344	-4.49137582268722	7.07645550865309e-06	8.98523627085556e-05	IGFBP5	3488	insulin like growth factor binding protein 5	PD_down
ENSG00000235071	24.7529037174168	1.08065271726947	0.24083567626248	4.48709565808555	7.22006626033133e-06	9.14502240028841e-05	LOC100132857	100132857	heat shock protein 90 alpha family class B member 1 pseudogene	PD_up
ENSG00000104894	31.7810180887094	-1.03743305600648	0.231257781205216	-4.48604605042835	7.25570657753636e-06	9.18263193091486e-05	CD37	951	CD37 molecule	PD_down
ENSG00000187193	138.621157433917	1.01965633784614	0.2278410729528	4.4752964188216	7.63053754846533e-06	9.6097471246578e-05	MT1X	4501	metallothionein 1X	PD_up
ENSG00000253953	35.6252226682574	1.14576575527147	0.257047881839803	4.45740204926306	8.29589230706493e-06	0.000102965094229166	PCDHGB4	8641	protocadherin gamma subfamily B, 4	PD_up
ENSG00000113361	58.54401144523	-1.39966493981756	0.315041175664843	-4.44280001451809	8.87956918474827e-06	0.000109330580711733	CDH6	1004	cadherin 6	PD_down
ENSG00000232301	553.818976609477	1.83415273489691	0.414653221221944	4.42334133928064	9.7186010078864e-06	0.000117598118778814	LNCPRESS1	101927721	lncRNA p53 regulated and ESC associated 1	PD_up
ENSG00000285103	23.792753478936	-1.05652473732372	0.239006446935191	-4.42048635453839	9.84790044992989e-06	0.000118790299177279	NA	NA	NA	PD_down
ENSG00000136167	67.7138191109935	1.00398444865889	0.227341291986082	4.41619927417476	1.00451486254019e-05	0.000120323580121183	LCP1	3936	lymphocyte cytosolic protein 1	PD_up
ENSG00000095303	27.0646870645192	-1.03480089882643	0.235023644939366	-4.4029650680186	1.06781364536281e-05	0.000126531409703775	PTGS1	5742	prostaglandin-endoperoxide synthase 1	PD_down
ENSG00000205336	31.6426047430047	-1.06498514015634	0.242095955652234	-4.39902078201656	1.08740414244998e-05	0.000128753987418924	ADGRG1	9289	adhesion G protein-coupled receptor G1	PD_down
ENSG00000006747	11.1597471807609	1.84471885988876	0.42073543147112	4.38451036424154	1.16246948564351e-05	0.000136490713751603	SCIN	85477	scinderin	PD_up
ENSG00000226816	9.12841775621762	2.46350812895451	0.565638369550867	4.35527054310443	1.32902669886598e-05	0.000153021418571892	NA	NA	NA	PD_up
ENSG00000162039	20.8018627703622	-1.37192920442342	0.316441112489419	-4.33549608529231	1.45431762803792e-05	0.00016571707879635	MEIOB	254528	meiosis specific with OB-fold	PD_down
ENSG00000151490	21.3032581779782	1.25897633385491	0.290793415610529	4.32945268451713	1.49480381699167e-05	0.000169151663640117	PTPRO	5800	protein tyrosine phosphatase receptor type O	PD_up
ENSG00000145626	51.5712479575662	-1.04613908868701	0.243751268868423	-4.2918303299242	1.77206335779981e-05	0.000195154481058695	UGT3A1	133688	UDP glycosyltransferase family 3 member A1	PD_down
ENSG00000169253	23.7910578335463	1.06110628738003	0.247626873732953	4.28510149719999	1.82655779681104e-05	0.000200014555906116	NA	NA	NA	PD_up
ENSG00000168542	13.1060744759615	-2.72894148565003	0.638617247126421	-4.2732035470846	1.92684410624461e-05	0.000209805874474025	COL3A1	1281	collagen type III alpha 1 chain	PD_down
ENSG00000108439	79.1028247839464	-1.09203223162034	0.255756634512869	-4.26980998440291	1.95639569982865e-05	0.000212596229351317	PNPO	55163	pyridoxamine 5'-phosphate oxidase	PD_down
ENSG00000133135	14.6951239099805	1.64392398986794	0.386990413852064	4.247970830865	2.15715472425145e-05	0.000230974125814441	RNF128	79589	ring finger protein 128	PD_up
ENSG00000179008	22.6623083760866	-1.21346268430688	0.286052583738121	-4.24209656997119	2.21441363472288e-05	0.000236285739600008	C14orf39	317761	chromosome 14 open reading frame 39	PD_down
ENSG00000228502	19.290385780708	1.26379716031298	0.298307361883107	4.23656041317612	2.26969872721728e-05	0.000241177703831809	NA	NA	NA	PD_up
ENSG00000261786	45.8371842838754	1.03039302863604	0.243703765319399	4.22805543150143	2.35719725616735e-05	0.000248396942400629	NA	NA	NA	PD_up
ENSG00000234787	149.387711545783	-1.31950721800891	0.31324950811651	-4.21232015955196	2.5276093908803e-05	0.000263513092472598	LINC00458	100507428	long intergenic non-protein coding RNA 458	PD_down
ENSG00000253785	19.2723497793954	1.12290077740506	0.267256145193521	4.2015901134545	2.65046703370899e-05	0.0002742842560353	NA	NA	NA	PD_up
ENSG00000197816	17.028801807872	-1.1753083807913	0.281566809665825	-4.17417231166629	2.99071342508288e-05	0.000304394299823861	CCDC180	100499483	coiled-coil domain containing 180	PD_down
ENSG00000230922	31.3607452344682	-1.03302044055098	0.247584065323891	-4.1724027723657	3.01404228064621e-05	0.000305961951434435	LOC101927551	101927551	uncharacterized LOC101927551	PD_down
ENSG00000135439	28.0587553972281	-1.04842455312181	0.253631353902467	-4.1336551533963	3.57039070631606e-05	0.00035424599885538	AGAP2	116986	ArfGAP with GTPase domain, ankyrin repeat and PH domain 2	PD_down
ENSG00000162344	126.957742900273	1.47408369294891	0.356739448356887	4.13210173345959	3.59461249353083e-05	0.00035600267415084	FGF19	9965	fibroblast growth factor 19	PD_up
ENSG00000185052	60.8237155976831	1.00242205155657	0.243635769919562	4.11442889476997	3.88139176625946e-05	0.000378337682266705	SLC24A3	57419	solute carrier family 24 member 3	PD_up
ENSG00000279838	13.2246438868297	1.44429568758265	0.351776460029276	4.10572011402482	4.03057270398493e-05	0.000390988349000749	NA	NA	NA	PD_up
ENSG00000270977	17.4380512297062	-1.23010041530101	0.301959258149837	-4.07372975691515	4.62661643912084e-05	0.000440684502282701	NA	NA	NA	PD_down
ENSG00000272316	7.87800960150373	-1.76947059574077	0.435370559901932	-4.06428628554799	4.81796609646164e-05	0.000455855474086164	NA	NA	NA	PD_down
ENSG00000226915	17.3979287791599	-1.09542612770629	0.270796021719839	-4.04520760958446	5.22767755310747e-05	0.000488591655084621	RPL19P4	646710	ribosomal protein L19 pseudogene 4	PD_down
ENSG00000229119	21.0344409558664	1.05006334312644	0.259734968790764	4.04282622403589	5.2810761147566e-05	0.000493283818583436	NA	NA	NA	PD_up
ENSG00000278023	27.8309064560348	-1.04059172367923	0.258407973530723	-4.02693349381308	5.65090076102588e-05	0.000522767571900777	RDM1	201299	RAD52 motif containing 1	PD_down
ENSG00000075673	20.5382156915466	-1.10365604274835	0.275041616705338	-4.01268744697183	6.00313754792174e-05	0.000550079784806597	ATP12A	479	ATPase H+/K+ transporting non-gastric alpha2 subunit	PD_down
ENSG00000186868	26.3178336132039	-1.10745142281686	0.276467529657006	-4.0057196741722	6.18289413515241e-05	0.000564541013877901	MAPT	4137	microtubule associated protein tau	PD_down
ENSG00000131471	21.2712504635274	-1.09648130262199	0.274036854749383	-4.00121838949275	6.30171624448816e-05	0.000572007635596103	AOC3	8639	amine oxidase copper containing 3	PD_down
ENSG00000173114	26.9044694066519	-1.82709686001689	0.456851687767616	-3.99932168127672	6.35242892808295e-05	0.000575258080056309	LRRN3	54674	leucine rich repeat neuronal 3	PD_down
ENSG00000213598	9.93804088457203	1.50167995774785	0.375941231361622	3.99445400630549	6.4843506964675e-05	0.000585145381376144	RPL31P4	729646	ribosomal protein L31 pseudogene 4	PD_up
ENSG00000250182	17.6985866555801	1.07099912055232	0.26855476443195	3.98801012827946	6.66298197278734e-05	0.000598815143538048	NA	NA	NA	PD_up
ENSG00000118432	11.2495261363656	1.50981298821646	0.378585132397398	3.98804088965549	6.6621182773004e-05	0.000598815143538048	CNR1	1268	cannabinoid receptor 1	PD_up
ENSG00000105357	532.905271059131	-2.08144478702495	0.524351112094774	-3.96956302564061	7.20045597547813e-05	0.000637837293524856	MYH14	79784	myosin heavy chain 14	PD_down
ENSG00000234743	15.8912356655562	1.17018260986086	0.295901521350896	3.95463532772174	7.66514761409042e-05	0.000675898795896951	NA	NA	NA	PD_up
ENSG00000249779	12.0145767696733	1.30055492289403	0.329499388604078	3.94706323554597	7.9115666284019e-05	0.000693666034880893	NA	NA	NA	PD_up
ENSG00000268282	17.8705538843164	-1.10038083608994	0.279120616776468	-3.94231300001452	8.06995654684832e-05	0.000705949739848941	NA	NA	NA	PD_down
ENSG00000262655	64.8401161532285	1.056863590939	0.268129742730218	3.9416126692158	8.09356008042729e-05	0.000707213172845486	SPON1	10418	spondin 1	PD_up
ENSG00000243970	29.5518714427093	-1.58007549668108	0.402433960545399	-3.92629760803407	8.62634126206307e-05	0.000747842274487669	NA	NA	NA	PD_down
ENSG00000187140	198.07910518752	1.14435632482712	0.292950045018803	3.90631899289748	9.37127826078354e-05	0.000801620699980597	FOXD3	27022	forkhead box D3	PD_up
ENSG00000104490	30.8468435485545	-1.05620765670915	0.271775534057818	-3.88632354406284	0.000101773843190816	0.000856809236023012	NCALD	83988	neurocalcin delta	PD_down
ENSG00000233098	159.232354258616	2.50900939603645	0.645674789375974	3.88587170711952	0.000101963346793971	0.00085793682534001	LOC339260	339260	uncharacterized LOC339260	PD_up
ENSG00000180787	15.6269520759969	1.20930401965723	0.311490484245362	3.88231448734935	0.000103466944993815	0.000867740107351884	ZFP3	124961	ZFP3 zinc finger protein	PD_up
ENSG00000176928	118.666194556678	1.45672571872391	0.375853420115826	3.87578146362214	0.000106283042874209	0.00088632633054855	GCNT4	51301	glucosaminyl (N-acetyl) transferase 4	PD_up
ENSG00000231689	44.8501888983984	-1.96951291319446	0.51376316339526	-3.83350355478722	0.000126330974505197	0.00102176545121018	LINC01090	104355152	long intergenic non-protein coding RNA 1090	PD_down
ENSG00000143318	11.0293623683586	1.34169203816363	0.35041355491994	3.82888167231481	0.000128726876470356	0.00103625806710234	CASQ1	844	calsequestrin 1	PD_up
ENSG00000144852	16.5281496216774	1.55719608502793	0.407272753158483	3.82347228718729	0.000131585387434862	0.00105706471487735	NR1I2	8856	nuclear receptor subfamily 1 group I member 2	PD_up
ENSG00000118322	14.9636875491157	-1.25094149900671	0.33084708021327	-3.78102626204328	0.000156183195676445	0.00121668443049663	ATP10B	23120	ATPase phospholipid transporting 10B (putative)	PD_down
ENSG00000213115	49.6904116846029	-3.33907851295575	0.888268250381356	-3.75908799118081	0.000170533858801453	0.00130861546616343	LOC729141	729141	arkadia (RNF111) N-terminal like PKA signaling regulator 2N pseudogene	PD_down
ENSG00000181143	20.8154360938856	-1.07183204377816	0.285738003495871	-3.75110076596322	0.000176059919835641	0.00134107802775644	MUC16	94025	mucin 16, cell surface associated	PD_down
ENSG00000137558	11.5979711756303	-1.43892848163134	0.384633947114657	-3.74103350061924	0.000183265088109594	0.00138842637900497	PI15	51050	peptidase inhibitor 15	PD_down
ENSG00000172264	17.4788995626988	-1.00678857850937	0.269112346676214	-3.74114599699397	0.000183183064373053	0.00138842637900497	MACROD2	140733	mono-ADP ribosylhydrolase 2	PD_down
ENSG00000144152	12.4224040612074	-1.50477049054008	0.404238546912683	-3.72248144575168	0.000197274409524318	0.00147716628664184	FBLN7	129804	fibulin 7	PD_down
ENSG00000091536	12.6453845453928	-1.41919879156212	0.381504088095807	-3.72000939399033	0.000199215368054296	0.00148953282458031	MYO15A	51168	myosin XVA	PD_down
ENSG00000214121	15.9459187426269	1.17923237007417	0.318106761175155	3.70703334225853	0.000209701343215269	0.00155962848711163	NA	NA	NA	PD_up
ENSG00000022556	1193.62020328304	-2.92659713670173	0.791623913488566	-3.69695392829237	0.00021820192316837	0.00161130010290184	NLRP2	55655	NLR family pyrin domain containing 2	PD_down
ENSG00000259129	14.8704395382283	-1.64525128114992	0.446291274801303	-3.6864966313366	0.000227362450127702	0.00166710074793383	LINC00648	100506433	long intergenic non-protein coding RNA 648	PD_down
ENSG00000121851	18.8491138485024	-1.08585913569829	0.295446863811888	-3.67531109211457	0.000237559765930293	0.00172608131104175	POLR3GL	84265	RNA polymerase III subunit GL	PD_down
ENSG00000229939	11.4212305902243	-1.2377764131455	0.340323015228073	-3.63706348897969	0.000275763977161673	0.00195311734283314	NA	NA	NA	PD_down
ENSG00000158406	16.6695873824463	1.30455590576861	0.359620503229898	3.6275904573067	0.00028607856192383	0.00201416005294297	H4C8	8365	H4 clustered histone 8	PD_up
ENSG00000081051	21.8960868167337	1.41937027128975	0.393663936666274	3.60553797055842	0.000311506937328025	0.00215680139567027	AFP	174	alpha fetoprotein	PD_up
ENSG00000243199	18.1324537601172	1.14067594730938	0.316546333505836	3.60350389996966	0.000313956034385923	0.00216986623586332	RPL6P10	642828	ribosomal protein L6 pseudogene 10	PD_up
ENSG00000139874	15.2375065351245	-1.73803064526129	0.482826786212547	-3.59969805920458	0.000318586897522916	0.0021920595801042	SSTR1	6751	somatostatin receptor 1	PD_down
ENSG00000230897	9.46443335891426	1.4345007796995	0.398653294373283	3.59836680129448	0.00032022178157277	0.00220012709042129	RPS18P12	388339	ribosomal protein S18 pseudogene 12	PD_up
ENSG00000205212	11.3667200841344	2.03013206539749	0.564249016046329	3.59793638564503	0.000320752041832553	0.0022010717892865	NA	NA	NA	PD_up
ENSG00000198028	185.617158306476	4.28399733816269	1.19119527041153	3.59638544961875	0.000322669576676985	0.0022122638827232	ZNF560	147741	zinc finger protein 560	PD_up
ENSG00000124602	17.149092279441	-1.10846048696188	0.308727900942058	-3.5904124103442	0.00033015516480402	0.00225457573842285	UNC5CL	222643	unc-5 family C-terminal like	PD_down
ENSG00000095932	24.4013109408642	-1.08955316384273	0.303881732607437	-3.585451334945	0.000336495750039794	0.00229280422798518	SMIM24	284422	small integral membrane protein 24	PD_down
ENSG00000143627	22.7167276659741	1.3694231244159	0.382737264122276	3.57797176492959	0.000346270846667159	0.00234698062885906	PKLR	5313	pyruvate kinase L/R	PD_up
ENSG00000139915	29.828397062187	-1.53239741131158	0.429788320717576	-3.56547011038616	0.000363204555820859	0.00244565126117491	MDGA2	161357	MAM domain containing glycosylphosphatidylinositol anchor 2	PD_down
ENSG00000261241	15.8085405036806	-1.05964596785731	0.297877828086619	-3.55731735612486	0.000374661424536243	0.00250966264418203	LINC02128	102724940	long intergenic non-protein coding RNA 2128	PD_down
ENSG00000255248	10.6290439964465	-1.36661491351737	0.386746473466375	-3.53361958615554	0.000409910604021089	0.00271398787567993	MIR100HG	399959	mir-100-let-7a-2-mir-125b-1 cluster host gene	PD_down
ENSG00000248103	11.8081905956382	1.9436389497891	0.550255029740352	3.53225112854715	0.000412037860209673	0.00272441073051223	NA	NA	NA	PD_up
ENSG00000161381	14.544484306502	-1.27255237148221	0.3619942956096	-3.51539343828395	0.000439102939711815	0.00286549002077364	PLXDC1	57125	plexin domain containing 1	PD_down
ENSG00000261635	17.1840627135793	1.05787392499527	0.300974719060079	3.51482652197144	0.000440041340078463	0.00287040062983163	NA	NA	NA	PD_up
ENSG00000110675	10.8810856127857	1.44583377604054	0.411421978801041	3.51423562798946	0.000441021422201126	0.00287436503114622	ELMOD1	55531	ELMO domain containing 1	PD_up
ENSG00000161652	13.5173808710894	-1.54565287158377	0.440270223219863	-3.5106913664972	0.000446942981238883	0.00290479826569119	IZUMO2	126123	IZUMO family member 2	PD_down
ENSG00000249850	12.4515028540177	1.24911382661951	0.356951916622004	3.49938960530158	0.000466324658606122	0.00300252407376085	KRT18P31	646723	keratin 18 pseudogene 31	PD_up
ENSG00000081189	13.0020701847688	-1.11304515283534	0.319379274713434	-3.48502623983358	0.000492088782414907	0.00315263518692372	MEF2C	4208	myocyte enhancer factor 2C	PD_down
ENSG00000181800	8.57824693824042	-1.43875125093415	0.413348323070567	-3.48072357048979	0.000500061291960712	0.00319179262003861	CELF2-AS1	414196	CELF2 antisense RNA 1	PD_down
ENSG00000136449	16.3504886354423	-1.53004512926196	0.443267205590227	-3.45174447819717	0.00055697491643151	0.00349155205428441	MYCBPAP	84073	MYCBP associated protein	PD_down
ENSG00000188707	32.3628518811771	1.08017830034137	0.312969300918121	3.4513873954173	0.000557712425148316	0.003494183871256	NA	NA	NA	PD_up
ENSG00000147869	79.3349327624935	-1.93555113206611	0.561232848773865	-3.44874883267211	0.00056319029574143	0.00351623864385268	CER1	9350	cerberus 1, DAN family BMP antagonist	PD_down
ENSG00000231700	8.57101439378669	-1.44352972838885	0.41874790861187	-3.44725238909033	0.000566319260442756	0.00353365910473254	NA	NA	NA	PD_down
ENSG00000253426	10.2008116698694	-1.43762730503223	0.417299679913055	-3.44507166967337	0.000570907996168697	0.00355293005273869	NA	NA	NA	PD_down
ENSG00000126218	26.2904826952442	-1.58870378106914	0.461379109201416	-3.44338039886325	0.000574490632513024	0.00356803514320237	F10	2159	coagulation factor X	PD_down
ENSG00000081479	56.1312172276927	-1.06212679822491	0.308469594976602	-3.44321390348203	0.000574844450942986	0.00356848357899158	LRP2	4036	LDL receptor related protein 2	PD_down
ENSG00000007312	14.9575785279456	-1.09626145397783	0.320040721802781	-3.42538114463253	0.00061393748749114	0.00376009314036621	CD79B	974	CD79b molecule	PD_down
ENSG00000230269	12.6945706590372	-1.20803265915777	0.353175826305702	-3.42048512151598	0.000625095549422525	0.00380790213712161	LINC02525	100507194	long intergenic non-protein coding RNA 2525	PD_down
ENSG00000269883	11.1024953169621	1.2291644869837	0.360149219631456	3.41293114071304	0.00064268178911944	0.00389748893323023	NA	NA	NA	PD_up
ENSG00000114841	12.8569141148771	-1.14051524437708	0.334498145294196	-3.40963099623163	0.000650508291683204	0.00393567712523067	DNAH1	25981	dynein axonemal heavy chain 1	PD_down
ENSG00000142619	20.213151290752	-1.24638771361931	0.366611410879684	-3.39975155336437	0.000674471071436551	0.00404577829952617	PADI3	51702	peptidyl arginine deiminase 3	PD_down
ENSG00000036448	9.97474394403566	-1.36857360540734	0.403925881665162	-3.38818002888419	0.00070358067126897	0.00419593880432325	MYOM2	9172	myomesin 2	PD_down
ENSG00000006611	23.4691609481316	-1.22314894249578	0.361348002816863	-3.38496112600818	0.000711883355698184	0.00423508601834174	USH1C	10083	USH1 protein network component harmonin	PD_down
ENSG00000186862	15.695038178446	-1.1180450958793	0.33042383146961	-3.38366966724715	0.000715239999824225	0.00425069499510625	PDZD7	79955	PDZ domain containing 7	PD_down
ENSG00000013293	11.6475624019403	1.35740349594564	0.401456631862063	3.3811958458617	0.000721710833722139	0.00428255775275551	SLC7A14	57709	solute carrier family 7 member 14	PD_up
ENSG00000236714	50.7466023181191	-1.21237846722248	0.358906216238592	-3.37798124515214	0.000730200606181782	0.00432307170483222	NA	NA	NA	PD_down
ENSG00000137857	12.5762603994279	-1.30523381810822	0.386594483957091	-3.37623497559548	0.000734851304966374	0.00434716634049073	DUOX1	53905	dual oxidase 1	PD_down
ENSG00000150594	18.5202877241565	1.16023195186518	0.344146429504795	3.37133223649795	0.000748055841705179	0.00440839015111754	ADRA2A	150	adrenoceptor alpha 2A	PD_up
ENSG00000129317	464.369115998889	-3.43458005154709	1.01887671628874	-3.37094762952044	0.000749100968760961	0.00441118190605234	PUS7L	83448	pseudouridine synthase 7 like	PD_down
ENSG00000108557	55.7847607784511	-1.53884822951635	0.458086624619256	-3.35929526603267	0.000781415279441862	0.00457356024055434	RAI1	10743	retinoic acid induced 1	PD_down
ENSG00000206579	18.0444269221702	1.07887761992776	0.322146178948641	3.34903124863625	0.000810946489274349	0.00472134758461386	XKR4	114786	XK related 4	PD_up
ENSG00000105668	10.3072156931223	-1.34525579541756	0.405494672380294	-3.3175671273824	0.000908050928319823	0.00520427109623536	UPK1A	11045	uroplakin 1A	PD_down
ENSG00000134398	14.5090259459217	-1.01982369651814	0.307681461250177	-3.31454385446031	0.000917927798887834	0.00525566510946809	ERN2	10595	endoplasmic reticulum to nucleus signaling 2	PD_down
ENSG00000184232	15.3513074723752	-1.03096437737294	0.311303735895862	-3.31176358807921	0.000927098558256773	0.00529966743409277	OAF	220323	out at first homolog	PD_down
ENSG00000266074	24.8560006309349	-1.72320218741291	0.521114811249265	-3.30676110180382	0.000943813461187899	0.005365419676267	BAHCC1	57597	BAH domain and coiled-coil containing 1	PD_down
ENSG00000235674	12.3252134019635	1.14938909416542	0.348303279592831	3.29996632678584	0.000966964300078892	0.00546240864283238	NA	NA	NA	PD_up
ENSG00000113555	11.4344731354179	-1.2895890248168	0.393892007436505	-3.27396596140551	0.00106049385052936	0.0058984240101489	PCDH12	51294	protocadherin 12	PD_down
ENSG00000232727	11.4942920989937	1.12102799398366	0.343973428493726	3.25905404639158	0.00111784370322829	0.00614654799780797	NA	NA	NA	PD_up
ENSG00000119638	509.95618934749	1.16808762871882	0.360385500889634	3.24121704628884	0.00119020525616323	0.00648897215930801	NEK9	91754	NIMA related kinase 9	PD_up
ENSG00000204718	8.50047203530719	1.40928710744144	0.435081702979075	3.2391320935627	0.00119894032834171	0.00652737611762906	CNN2P12	100131550	calponin 2 pseudogene 12	PD_up
ENSG00000229877	10.2749121566494	1.24828957089698	0.390020962280213	3.20057046062088	0.00137155830029428	0.00730464863111323	NA	NA	NA	PD_up
ENSG00000259411	12.8100494976383	1.16033056103223	0.364422281171489	3.18402748948878	0.00145241218698579	0.00764583844768515	HNRNPA1P45	100130660	heterogeneous nuclear ribonucleoprotein A1 pseudogene 45	PD_up
ENSG00000234664	12.8144877135708	-1.03054620393056	0.324927126833337	-3.1716225541832	0.00151589890572744	0.00792331723237363	NA	NA	NA	PD_down
ENSG00000075223	19.0087744257468	-1.30197445691969	0.410974604911628	-3.16801681018625	0.00153482645600968	0.00799518234844451	SEMA3C	10512	semaphorin 3C	PD_down
ENSG00000140015	19.1995915986292	1.40744405368856	0.446521255983576	3.15202027860535	0.00162145012146495	0.00833672656524102	KCNH5	27133	potassium voltage-gated channel subfamily H member 5	PD_up
ENSG00000044524	16.6029603704775	-1.02445779863664	0.325540589109687	-3.14694337022123	0.00164986912655197	0.0084593728982508	EPHA3	2042	EPH receptor A3	PD_down
ENSG00000166450	370.469784877795	-1.38363225784569	0.440577955901445	-3.1404936159702	0.00168663383482475	0.00860880211890716	PRTG	283659	protogenin	PD_down
ENSG00000253173	14.1441729917473	-1.04403985730996	0.333330634538324	-3.1321449309812	0.00173534188591241	0.00880791542356594	NA	NA	NA	PD_down
ENSG00000156509	22.1971526738411	-1.05035474756529	0.335385337786004	-3.13178493281503	0.00173747099892094	0.00881292780004576	FBXO43	286151	F-box protein 43	PD_down
ENSG00000171873	45.4170584660917	-1.82302918308018	0.585139260888265	-3.11554753703033	0.00183603752549863	0.0091861371982174	ADRA1D	146	adrenoceptor alpha 1D	PD_down
ENSG00000165623	13.0681116795179	1.0192062571607	0.327484785563171	3.11222475696996	0.00185683073066854	0.00925666093713962	UCMA	221044	upper zone of growth plate and cartilage matrix associated	PD_up
ENSG00000172201	63.4302577989516	1.04902510487149	0.3376689562318	3.10666730095071	0.00189209210775586	0.00938750068886582	ID4	3400	inhibitor of DNA binding 4	PD_up
ENSG00000210176	15.1733371016703	1.05727894257895	0.342427225757916	3.08760186997051	0.0020177860010011	0.009891451851566	NA	NA	NA	PD_up
ENSG00000185559	73.8264746420829	-2.31976008723029	0.751917941647666	-3.08512399923193	0.00203467306092422	0.00995416731960393	DLK1	8788	delta like non-canonical Notch ligand 1	PD_down
ENSG00000251400	13.5136507833814	1.03487765071641	0.335528992832673	3.08431662486021	0.00204020338624996	0.0099749019264406	ALDH7A1P1	541	aldehyde dehydrogenase 7 family member A1 pseudogene 1	PD_up
ENSG00000163093	8.2547595700326	-1.36000283132432	0.441387963362864	-3.08119600943052	0.00206170879249306	0.0100545747808253	BBS5	129880	Bardet-Biedl syndrome 5	PD_down
ENSG00000197903	23.1328935521981	1.02984598127949	0.334651361482369	3.07736976391696	0.00208836072310054	0.0101429032918126	H2BC12	85236	H2B clustered histone 12	PD_up
ENSG00000198001	53.5847162972682	-3.08696134261191	1.00701763996024	-3.06544912434086	0.00217343350849978	0.0104704565900894	IRAK4	51135	interleukin 1 receptor associated kinase 4	PD_down
ENSG00000250616	18.0050374203669	-1.65115886043486	0.53914248650824	-3.06256490956333	0.00219448876033872	0.0105455669030905	YPEL3-DT	101928595	YPEL3 divergent transcript	PD_down
ENSG00000165118	103.826932334577	2.21237284849636	0.724939605018993	3.05180298217863	0.00227471350689857	0.010850039093764	QNG1	84267	Q-nucleotide N-glycosylase 1	PD_up
ENSG00000167178	14.3406522438275	-1.22823695959368	0.40318153407618	-3.04636213661911	0.00231628673544832	0.0110043039159321	ISLR2	57611	immunoglobulin superfamily containing leucine rich repeat 2	PD_down
ENSG00000234273	10.8395553427295	-1.47378781811788	0.491855507045449	-2.99638368790633	0.00273202439266641	0.0125961741627006	NA	NA	NA	PD_down
ENSG00000245205	13.0585238421985	1.19399413714266	0.399344998143903	2.98988128733844	0.00279085888752337	0.0128361219015076	EEF1A1P4	100421854	eukaryotic translation elongation factor 1 alpha 1 pseudogene 4	PD_up
ENSG00000076344	12.6262488686634	-1.05704751301368	0.355943853700137	-2.96970295181495	0.00298087836570268	0.0135406772481464	RGS11	8786	regulator of G protein signaling 11	PD_down
ENSG00000164236	332.981966430798	1.33200620073292	0.450845947063391	2.95445974264383	0.00313217015281367	0.0140788084889208	ANKRD33B	651746	ankyrin repeat domain 33B	PD_up
ENSG00000116729	58.5489079926899	-1.34354720005901	0.454905006720073	-2.95346760359084	0.00314225588272802	0.0141118181586157	WLS	79971	Wnt ligand secretion mediator	PD_down
ENSG00000108691	16.6421212886452	-1.0034813011263	0.3400224677165	-2.9512205704094	0.00316520796138691	0.0141901309302596	CCL2	6347	C-C motif chemokine ligand 2	PD_down
ENSG00000151882	14.2607983903564	1.0774472947251	0.369995403033318	2.91205589553791	0.00359058377224823	0.015660625266529	CCL28	56477	C-C motif chemokine ligand 28	PD_up
ENSG00000176769	41.7778573022749	-3.64615503371799	1.25488549636073	-2.90556791379942	0.0036658728569126	0.0159036462238636	TCERG1L	256536	transcription elongation regulator 1 like	PD_down
ENSG00000125414	17.3569596055545	1.09335090611564	0.377444341854326	2.89672088007512	0.00377085087095255	0.0162813024182068	MYH2	4620	myosin heavy chain 2	PD_up
ENSG00000182645	15.6543662948392	1.02832044303116	0.356153359181918	2.88729676842921	0.00388567540015863	0.0167099234965258	CCDC172	374355	coiled-coil domain containing 172	PD_up
ENSG00000197134	81.7226693635304	-1.16287498811824	0.407651130616359	-2.85262299250833	0.00433600294764113	0.0182469025651619	ZNF257	113835	zinc finger protein 257	PD_down
ENSG00000131831	10.9838418169474	1.03902685844745	0.366183650978479	2.83744742746179	0.00454758352312693	0.018915595257834	RAI2	10742	retinoic acid induced 2	PD_up
ENSG00000162148	9.63938295123794	-1.24005810932907	0.437915478194313	-2.83172934293687	0.00462970189203066	0.0191648775413714	SAXO4	220004	stabilizer of axonemal microtubules 4	PD_down
ENSG00000124772	10.9866128092176	-1.05708077915286	0.373632903981591	-2.82919616524175	0.00466650861877723	0.0192907344240751	CPNE5	57699	copine 5	PD_down
ENSG00000125869	16.9895149790468	1.47082245819736	0.520372379277198	2.82648064495726	0.00470625880880875	0.0194290470609644	LAMP5	24141	lysosomal associated membrane protein family member 5	PD_up
ENSG00000269397	10.1129532289329	-1.29302057407799	0.457990735812606	-2.82324613353545	0.00475400590597625	0.0195738269835395	NA	NA	NA	PD_down
ENSG00000227203	8.07637158361382	1.20683351273	0.429304727103273	2.81113492710198	0.0049367078773302	0.0201861148373883	NA	NA	NA	PD_up
ENSG00000158748	9.88039009063786	-1.07320319511575	0.382415654296472	-2.80637882643722	0.00501017521834271	0.0204140516734943	HTR6	3362	5-hydroxytryptamine receptor 6	PD_down
ENSG00000168675	14.9653835936817	-1.07632451325372	0.385494224543506	-2.79206391361187	0.00523730100690622	0.0211907566946101	LDLRAD4	753	low density lipoprotein receptor class A domain containing 4	PD_down
ENSG00000110436	20.0171757369422	1.27285854068793	0.456870900302248	2.78603548583605	0.00533570302573083	0.02147074660341	SLC1A2	6506	solute carrier family 1 member 2	PD_up
ENSG00000015153	15.5083359578218	-1.04024781992792	0.374421612632331	-2.77827931089386	0.00546476209745363	0.0218703801930233	YAF2	10138	YY1 associated factor 2	PD_down
ENSG00000233056	113.52994867487	-1.38906592530904	0.500231622167998	-2.77684549267167	0.00548892646239886	0.0219438397748788	ERVH48-1	90625	endogenous retrovirus group 48 member 1, envelope	PD_down
ENSG00000119242	12.2548911714336	-1.19576909054263	0.431833164695993	-2.76905339446182	0.00562194210183263	0.0223200786969133	CCDC92	80212	coiled-coil domain containing 92	PD_down
ENSG00000270532	9.97345248337829	1.01462477989968	0.367507774823623	2.76082534685593	0.00576554998710025	0.0227871749767748	NA	NA	NA	PD_up
ENSG00000166923	31.9962036730591	-1.25213287995612	0.45543360073662	-2.74932037937236	0.00597189837214035	0.0234085074551528	GREM1	26585	gremlin 1, DAN family BMP antagonist	PD_down
ENSG00000116014	13.0101973324083	1.03434776631013	0.3773505234635	2.74107945264367	0.00612376974580931	0.0238704884815188	KISS1R	84634	KISS1 receptor	PD_up
ENSG00000284681	9.91953844856303	-1.03533581939823	0.380109314777258	-2.7237843934578	0.00645386236231674	0.0248932387894505	NA	NA	NA	PD_down
ENSG00000158055	11.4573187449182	1.15256052444332	0.425023625639589	2.71175637050507	0.00669277636633963	0.0256100290201447	GRHL3	57822	grainyhead like transcription factor 3	PD_up
ENSG00000267055	9.22560820387835	-1.36711436105023	0.510345943740912	-2.67879930822821	0.00738866640857406	0.0277164745744372	NA	NA	NA	PD_down
ENSG00000236438	23.2732826543381	-1.10721239711073	0.419792866073388	-2.63752075509822	0.00835145147513255	0.0305487824629345	NA	NA	NA	PD_down
ENSG00000248632	43.0984183011022	-2.2990433254068	0.873151874384667	-2.63303944348399	0.00846245190504023	0.0308597679295752	NA	NA	NA	PD_down
ENSG00000198732	28.640579185843	-1.05611719682724	0.413964553355756	-2.55122615756821	0.0107344644182521	0.0375469363698082	SMOC1	64093	SPARC related modular calcium binding 1	PD_down
ENSG00000183439	12.5911750573013	-1.69340514047665	0.675733424696832	-2.50602542154311	0.0122096841013535	0.0415328315763159	TRIM61	391712	tripartite motif containing 61	PD_down
ENSG00000166573	8.33752614037129	1.13773327566833	0.460372487264955	2.47133203469115	0.0134610770136142	0.044889639112355	GALR1	2587	galanin receptor 1	PD_up
ENSG00000167723	8.42199272318122	-1.00901217983749	0.411357065182005	-2.45288647076245	0.0141715057228781	0.0467239052661197	TRPV3	162514	transient receptor potential cation channel subfamily V member 3	PD_down
ENSG00000197181	233.473947229478	1.16169341485189	0.476800401192117	2.43643548106791	0.0148328152731937	0.0483070461057625	PIWIL2	55124	piwi like RNA-mediated gene silencing 2	PD_up
