Geneid	baseMean	log2FoldChange	lfcSE	stat	pvalue	padj	gene_name	gene_biotype
ENSG00000168646	873.710900257117	-2.28852287948251	0.10345726557846	-22.1204655534505	2.00845140788987e-108	3.07052051238203e-104	AXIN2	protein_coding
ENSG00000169218	148.455876328909	-3.56630502046037	0.183009409370723	-19.4870036066621	1.41529454965657e-84	7.21234102504987e-81	RSPO1	protein_coding
ENSG00000178573	656.797426985004	-2.27550166185766	0.129886701853908	-17.519127280767	1.02383901469751e-68	3.91311271417387e-65	MAF	protein_coding
ENSG00000154856	280.050637728253	-2.46592226922101	0.162239392310158	-15.1992819629577	3.57518316513879e-52	6.83217502858022e-49	APCDD1	protein_coding
ENSG00000253305	462.776469550262	-1.1105542562083	0.0777648018539157	-14.2809372586651	2.87705805843734e-46	4.88716262193222e-43	PCDHGB6	protein_coding
ENSG00000179256	79.0044453189084	-2.49313167104336	0.20415015815561	-12.2122446221325	2.67408439052833e-34	2.55508763514982e-31	SMCO3	protein_coding
ENSG00000263711	119.323811187198	-10.1959280522964	0.841233956297276	-12.1202050582625	8.25523331346676e-34	6.64242141559367e-31	AC079062.1	processed_transcript
ENSG00000203727	213.301110595157	-3.19306917497864	0.264213882961527	-12.0851680433598	1.26511242675112e-33	9.21001846674817e-31	SAMD5	protein_coding
ENSG00000154188	65.1501488176061	-1.95979136847263	0.171890954493892	-11.4013641627796	4.11618115127957e-30	2.13682099437281e-27	ANGPT1	protein_coding
ENSG00000137502	171.520426033902	-1.15355728146658	0.101278282003729	-11.3899767911161	4.69114648948486e-30	2.3134918558466e-27	RAB30	protein_coding
ENSG00000233237	69.3547669111967	-1.82440830106155	0.164741983091672	-11.0743373779005	1.6711175525965e-28	7.74183186184706e-26	LINC00472	lincRNA
ENSG00000127578	211.107185372213	-1.77920822308845	0.160891018003432	-11.0584683046166	1.99474779557938e-28	8.71638406141189e-26	WFIKKN1	protein_coding
ENSG00000233593	53.0257630809663	-2.29857729657689	0.216977232423193	-10.5936335849917	3.18965004493156e-26	1.06007325841117e-23	AL590094.1	processed_transcript
ENSG00000196109	57.1343662372519	-6.88949166938128	0.651756326655962	-10.5706556079478	4.07634893767006e-26	1.32594090551276e-23	ZNF676	protein_coding
ENSG00000183044	172.976630231168	-2.12543076239286	0.201503254159291	-10.547873141109	5.19599594947554e-26	1.65492470990796e-23	ABAT	protein_coding
ENSG00000186462	172.686053022535	-1.08007788320869	0.103990150112407	-10.3863479573901	2.86098937137921e-25	8.57623637444028e-23	NAP1L2	protein_coding
ENSG00000110077	62.694839526003	-7.2554123150569	0.70333251608881	-10.3157640932113	5.98036936739012e-25	1.72505446959736e-22	MS4A6A	protein_coding
ENSG00000135903	1237.94497108224	-2.1313597036198	0.210683015246502	-10.1164287074878	4.67150855041678e-24	1.19030037864619e-21	PAX3	protein_coding
ENSG00000165379	69.6257791464515	-1.77405854048519	0.175871168910313	-10.0872618944717	6.28995528367066e-24	1.50251306838683e-21	LRFN5	protein_coding
ENSG00000099250	639.897984784907	-1.22256119762526	0.122527239452706	-9.97787270068345	1.9050727699129e-23	4.28305183918064e-21	NRP1	protein_coding
ENSG00000049130	616.365906885708	-1.38519195068455	0.139046641133416	-9.96206696827329	2.23369645058604e-23	4.94909439660281e-21	KITLG	protein_coding
ENSG00000187325	474.02079626149	-1.03838131959499	0.105595398273101	-9.83358495328962	8.06939911580962e-23	1.64486631576663e-20	TAF9B	protein_coding
ENSG00000158008	57.0009975193008	-1.70967546760111	0.179685813595404	-9.51480494420533	1.82054109105171e-21	3.47905402499982e-19	EXTL1	protein_coding
ENSG00000107518	121.251823464759	-1.18870539453951	0.128782902375281	-9.23030443183795	2.6986380301026e-20	4.48443241350092e-18	ATRNL1	protein_coding
ENSG00000080823	121.484434475574	-1.01807047746281	0.110419147521041	-9.22005377073579	2.96951268213476e-20	4.88149568650282e-18	MOK	protein_coding
ENSG00000060709	263.65604234795	-1.75677249619582	0.190584714307826	-9.21780376026562	3.03247518153943e-20	4.93196601865689e-18	RIMBP2	protein_coding
ENSG00000154342	332.779351874148	-2.14099666188035	0.234147112068582	-9.14380981668162	6.02900600436019e-20	9.50221070048026e-18	WNT3A	protein_coding
ENSG00000111110	402.649034656261	-1.53567519419884	0.169945140919277	-9.03629951343104	1.62065212937988e-19	2.50267977312723e-17	PPM1H	protein_coding
ENSG00000196632	392.035691240693	-1.43044465928071	0.159120449424942	-8.98969720391253	2.47912488286157e-19	3.79008612091877e-17	WNK3	protein_coding
ENSG00000012171	179.834093554887	-2.04690980890366	0.235795207437628	-8.68087961221648	3.927196641598e-18	5.22078106580437e-16	SEMA3B	protein_coding
ENSG00000169884	67.2222018859128	-2.33981776935171	0.272164667447217	-8.59706658949581	8.17795395092198e-18	1.05062655463609e-15	WNT10B	protein_coding
ENSG00000257354	111.862104135277	-1.55110485832191	0.182682342815779	-8.49072129475629	2.05358516886771e-17	2.55245610257313e-15	AC048341.1	lincRNA
ENSG00000180694	330.638259601273	-1.24162585165288	0.146636258397803	-8.46738634236377	2.50960607352742e-17	3.0449887025466e-15	TMEM64	protein_coding
ENSG00000104447	168.809916494604	-1.39248857467472	0.164510454800316	-8.46443818032681	2.57390401083293e-17	3.09841295414283e-15	TRPS1	protein_coding
ENSG00000078725	23.3964900963556	-2.52147527850273	0.300011093386793	-8.40460680982848	4.29297434844477e-17	5.03414073768622e-15	BRINP1	protein_coding
ENSG00000155093	45.797307341552	-3.95906054248566	0.471806286224073	-8.39128400380279	4.80861140491846e-17	5.55647198000658e-15	PTPRN2	protein_coding
ENSG00000158352	176.48228180485	-1.66664986835911	0.199307887211413	-8.36218722539182	6.15660379060503e-17	6.87023056574961e-15	SHROOM4	protein_coding
ENSG00000166432	138.811902584776	-1.6964401059776	0.202868029706537	-8.36228413334337	6.15154731979035e-17	6.87023056574961e-15	ZMAT1	protein_coding
ENSG00000160321	66.7604880671054	-1.4137369345828	0.175187714262712	-8.06984063084901	7.03899869972722e-16	6.89821872573268e-14	ZNF208	protein_coding
ENSG00000196227	644.4264061287	-1.21634495292257	0.151990824290025	-8.00275252538647	1.21668312923194e-15	1.14114427482809e-13	FAM217B	protein_coding
ENSG00000100918	615.393181498754	-1.63128238413448	0.205424848141433	-7.9410178412855	2.00528826106473e-15	1.8248123175689e-13	REC8	protein_coding
ENSG00000165795	112.559157943181	-2.14976942878337	0.27089268683175	-7.93587104150428	2.09023109928111e-15	1.89085520981122e-13	NDRG2	protein_coding
ENSG00000159714	72.6030307304471	-1.11110216117067	0.140031057265254	-7.93468379708058	2.11032286032661e-15	1.89780093462784e-13	ZDHHC1	protein_coding
ENSG00000196177	217.17105069547	-1.08266476230521	0.138208660902917	-7.83355221902997	4.74275734419747e-15	4.09645617390344e-13	ACADSB	protein_coding
ENSG00000040731	41.1535304440424	-1.81598400280672	0.2402174231383	-7.55975140804504	4.03840421514631e-14	3.11813755763418e-12	CDH10	protein_coding
ENSG00000111432	204.62653325244	-1.41925422045918	0.18932356563915	-7.4964477647979	6.55705294024743e-14	4.8662245315778e-12	FZD10	protein_coding
ENSG00000176809	32.6960966783099	-1.59612049337227	0.213241184558297	-7.48504795956013	7.15210140196734e-14	5.28218967310515e-12	LRRC37A3	protein_coding
ENSG00000214491	50.0183599390555	-1.65310547852108	0.222088354345906	-7.44345863334349	9.80828255741761e-14	7.10658880273935e-12	SEC14L6	protein_coding
ENSG00000197134	34.5484431534885	-1.69018287064819	0.228187648841424	-7.40698665869844	1.2920145399125e-13	9.23005527391699e-12	ZNF257	protein_coding
ENSG00000158270	3835.96358727253	-1.25555096823927	0.16957027322893	-7.40431058068885	1.31833554984242e-13	9.33088605832914e-12	COLEC12	protein_coding
ENSG00000143869	1343.84296708337	-2.64366854552914	0.35913078937729	-7.3612973984021	1.82131284875594e-13	1.2599199471394e-11	GDF7	protein_coding
ENSG00000136881	13.6160368595718	-3.03590251280112	0.412490638896208	-7.35993069060902	1.84005742073599e-13	1.26715305622576e-11	BAAT	protein_coding
ENSG00000185269	57.2393219403674	-3.11721942305407	0.424257627140811	-7.34746819771249	2.01996335374132e-13	1.37862498892845e-11	NOTUM	protein_coding
ENSG00000185904	23.959081789397	-2.8642646083232	0.39034655232318	-7.33774793520347	2.17217762006476e-13	1.46939165732523e-11	LINC00839	lincRNA
ENSG00000152582	73.8009680940068	-1.19969541070828	0.164459548879112	-7.29477503060726	2.99158525960972e-13	1.9713515279704e-11	SPEF2	protein_coding
ENSG00000069188	4648.61696531846	-1.16152931099321	0.159402568291393	-7.28676660259259	3.1748220338635e-13	2.0831192812749e-11	SDK2	protein_coding
ENSG00000131781	20.3052840869183	-2.04095788877383	0.280367847933581	-7.27957183327716	3.34881318735555e-13	2.18789128240562e-11	FMO5	protein_coding
ENSG00000153814	62.0151748192273	-1.25954802495789	0.174071501840668	-7.23580834105048	4.627644630392e-13	2.96014356106414e-11	JAZF1	protein_coding
ENSG00000188316	22.0227725950552	-2.26466882420661	0.31916823875405	-7.09553316785935	1.28853745654637e-12	7.57660024449266e-11	ENO4	protein_coding
ENSG00000158715	96.5314218652165	-1.12299427971398	0.158762768143323	-7.07341080561283	1.51171104536493e-12	8.72114658926004e-11	SLC45A3	protein_coding
ENSG00000172828	32.217648103785	-1.70231867340432	0.244241396422817	-6.96982042494288	3.17345793925575e-12	1.7451735602641e-10	CES3	protein_coding
ENSG00000114670	38.6517138397375	-1.7372041369949	0.249698836182847	-6.95719757269033	3.47108019509955e-12	1.8884652677111e-10	NEK11	protein_coding
ENSG00000273270	74.1890893927021	-1.15008100016209	0.16840728518151	-6.82916418326282	8.54107808054454e-12	4.38174502333439e-10	AC090114.2	lincRNA
ENSG00000111859	1048.27103498528	-1.18492646076267	0.173902260614221	-6.81374961186544	9.50871473309763e-12	4.84564102798655e-10	NEDD9	protein_coding
ENSG00000279377	61.4342930648745	-1.60927986575356	0.239048260777602	-6.73202917485665	1.67313081613932e-11	8.09456453073985e-10	AC003973.3	TEC
ENSG00000174460	23.1528578674603	-2.03203243221251	0.303360537513251	-6.69840727759045	2.10703347878915e-11	1.00663524449152e-09	ZCCHC12	protein_coding
ENSG00000269821	1056.7583270745	-1.07956503485007	0.16123287150817	-6.69568819777151	2.14658987870827e-11	1.02233850671938e-09	KCNQ1OT1	antisense
ENSG00000141542	115.38482153203	-1.39743885033201	0.211155302033112	-6.61806185720533	3.6393874627255e-11	1.66086434418351e-09	RAB40B	protein_coding
ENSG00000132854	612.54536353079	-2.08276270620555	0.315280961987212	-6.60605287765531	3.94701959871846e-11	1.78000105089108e-09	KANK4	protein_coding
ENSG00000157240	471.323603337377	-1.14159336016957	0.173097838111112	-6.59507578273032	4.25038695305321e-11	1.90556937648907e-09	FZD1	protein_coding
ENSG00000123933	832.670932020676	-1.16960053012567	0.178547195011058	-6.55065194417213	5.72864356163498e-11	2.46702824705002e-09	MXD4	protein_coding
ENSG00000260947	18.433261400688	-1.97554033311841	0.304323328747134	-6.4915836102723	8.4938749379924e-11	3.57725509785201e-09	AL356489.2	lincRNA
ENSG00000163617	83.0918567413501	-1.08569839614121	0.167362119547374	-6.4871214530352	8.74918097522153e-11	3.65457592210893e-09	CCDC191	protein_coding
ENSG00000181418	20.2744132440727	-1.77038540555296	0.276128852158659	-6.41144665511347	1.44145197980914e-10	5.72387477073303e-09	DDN	protein_coding
ENSG00000118997	23.1997971209244	-1.75145201180729	0.275464182951711	-6.35818418583416	2.04152595170181e-10	7.98231425821414e-09	DNAH7	protein_coding
ENSG00000164007	55.9797416756396	-1.68514391766297	0.265221555182694	-6.35372157629565	2.10167089972148e-10	8.11372341286414e-09	CLDN19	protein_coding
ENSG00000109072	76.6318825711269	-2.830018272787	0.445816552458638	-6.34794346952732	2.18212231829742e-10	8.3819814075706e-09	VTN	protein_coding
ENSG00000253173	13.1694496561195	-2.32662293590191	0.367022015551986	-6.33919175775536	2.30973619070827e-10	8.84993656229274e-09	H2AFZP2	processed_pseudogene
ENSG00000152977	1050.97569965729	-3.05889554306683	0.482590386333297	-6.33849249734998	2.32024137156388e-10	8.86796252211714e-09	ZIC1	protein_coding
ENSG00000168243	271.264952803975	-1.06500434468083	0.172931345097793	-6.1585384886619	7.34193421402799e-10	2.55098841509227e-08	GNG4	protein_coding
ENSG00000283703	14.904478061046	-3.99635063040428	0.654126948805025	-6.10944196337563	9.99801042437241e-10	3.38912601702451e-08	VSIG10L2	protein_coding
ENSG00000198597	20.10341454373	-2.47670469766403	0.405958195135257	-6.10088606990392	1.0548207601349e-09	3.54578561415836e-08	ZNF536	protein_coding
ENSG00000140836	1285.86573187223	-1.02465466194611	0.168885745465964	-6.06714710657813	1.30202291213284e-09	4.29920654010515e-08	ZFHX3	protein_coding
ENSG00000250486	43.4011437035768	-1.13159188948311	0.186654414107585	-6.0624973424463	1.34024023552292e-09	4.39701639684139e-08	FAM218A	protein_coding
ENSG00000128242	49.39872964839	-1.00806689412567	0.166564245755916	-6.0521205469444	1.42951428930935e-09	4.64987541594923e-08	GAL3ST1	protein_coding
ENSG00000277954	36.5394072444274	-2.0948441101188	0.347960528630997	-6.02034983209354	1.74040506102609e-09	5.54319011936809e-08	AC092376.2	antisense
ENSG00000144339	75.1211429618437	-3.44104178100093	0.57238841648598	-6.01172504874619	1.83559461045468e-09	5.8221100424546e-08	TMEFF2	protein_coding
ENSG00000143816	119.612431689391	-1.77081192854258	0.294902337524569	-6.00474022487207	1.91638482906557e-09	6.04590218209838e-08	WNT9A	protein_coding
ENSG00000174963	139.551978558575	-2.79345265529085	0.473375191927752	-5.90113868011316	3.61001295069154e-09	1.06957127887931e-07	ZIC4	protein_coding
ENSG00000167723	40.7832338870013	-1.81633140946694	0.307888030832472	-5.89932451922835	3.64992729216102e-09	1.07722178460536e-07	TRPV3	protein_coding
ENSG00000135643	221.382585608753	-1.36539385401988	0.231863853001795	-5.88877410749017	3.8907081448765e-09	1.13297421178804e-07	KCNMB4	protein_coding
ENSG00000245105	13.1448259776549	-2.28802081341202	0.389308336016838	-5.87714313241179	4.17407281687257e-09	1.19724625186394e-07	A2M-AS1	antisense
ENSG00000064309	2536.8380462215	-1.43463678074224	0.245213500820895	-5.85056196310375	4.89914904741785e-09	1.3846585458904e-07	CDON	protein_coding
ENSG00000161509	12.7998796247294	-2.02884986418117	0.34783194888905	-5.83284505825636	5.44901635203923e-09	1.50914061576043e-07	GRIN2C	protein_coding
ENSG00000279692	195.735869654103	-2.20912254789515	0.381069031439295	-5.79717155065398	6.74426930307172e-09	1.83790354911516e-07	AC110285.7	TEC
ENSG00000120324	62.3512251573709	-1.0677449890794	0.184239995880309	-5.79540280587644	6.81573919983167e-09	1.85078189852623e-07	PCDHB10	protein_coding
ENSG00000165555	11.5038140453055	-2.17626381705807	0.377040320367718	-5.77196575404885	7.83520426807768e-09	2.10148426053283e-07	NOXRED1	protein_coding
ENSG00000149212	3786.75454380836	-1.23477097598837	0.214012274723295	-5.76962689446134	7.94472350282435e-09	2.12712667094884e-07	SESN3	protein_coding
ENSG00000145536	90.3143370425677	-1.50252124666784	0.261927373628745	-5.73640404915261	9.67077956805884e-09	2.55790446429902e-07	ADAMTS16	protein_coding
ENSG00000138722	1105.33332180702	-3.42382903450454	0.602538075005358	-5.6823446957673	1.32860543724254e-08	3.39660868303745e-07	MMRN1	protein_coding
ENSG00000162761	392.184773456116	-2.64519255570744	0.467299574287169	-5.66059269311871	1.50851080349722e-08	3.82456271374222e-07	LMX1A	protein_coding
ENSG00000154736	49.2907019054783	-2.29148630765612	0.405856430141116	-5.64605150362991	1.64174681022325e-08	4.12812915044293e-07	ADAMTS5	protein_coding
ENSG00000261324	14.8599926468597	-2.03939955435805	0.363635539489086	-5.60836148530322	2.04251071558284e-08	5.04457250724241e-07	AC010168.2	sense_overlapping
ENSG00000188687	12.4720155760292	-2.19141289810487	0.391224304197984	-5.60142321064971	2.12598965816739e-08	5.23383734203914e-07	SLC4A5	protein_coding
ENSG00000128655	12.437460371727	-2.26124173217133	0.40543965480228	-5.57725842893701	2.44338746915812e-08	5.94817000453651e-07	PDE11A	protein_coding
ENSG00000036448	28.4788153847317	-1.84062389270695	0.330134895154324	-5.57536909827887	2.47005585704146e-08	6.00353162837041e-07	MYOM2	protein_coding
ENSG00000125246	127.923485365542	-1.59693475323017	0.287366720416345	-5.5571318450393	2.74243611295196e-08	6.61299105596366e-07	CLYBL	protein_coding
ENSG00000114166	115.65665429591	-1.084184495629	0.19540532634459	-5.54838763052486	2.88316093470417e-08	6.90874049682718e-07	KAT2B	protein_coding
ENSG00000275180	30.4316771435856	-1.3133607399164	0.238033554377508	-5.51754454682252	3.43768961728547e-08	8.03599371086549e-07	AC048341.2	lincRNA
ENSG00000154721	47.0477134627571	-1.22279489825445	0.222778616676513	-5.48883423596267	4.04595089864029e-08	9.35771517979014e-07	JAM2	protein_coding
ENSG00000224957	8.92310966679321	-3.04069528310401	0.557632192643847	-5.45286897567276	4.95635890270745e-08	1.12589620957788e-06	LINC01266	lincRNA
ENSG00000165698	61.3099633599984	-1.21687638354142	0.223352180513123	-5.44824044585463	5.08705581209502e-08	1.15002112219677e-06	SPACA9	protein_coding
ENSG00000107099	261.410066388508	-2.33800422126989	0.43640440788917	-5.35742577069399	8.44160308732369e-08	1.8049682237623e-06	DOCK8	protein_coding
ENSG00000111783	97.9967265304999	-1.68253057323565	0.314516964345736	-5.34957017894309	8.81633685877274e-08	1.87200219301275e-06	RFX4	protein_coding
ENSG00000081148	9.69828469477764	-2.37292327933777	0.444591778759107	-5.33730804910699	9.43366878942967e-08	1.98107044578023e-06	IMPG2	protein_coding
ENSG00000004139	135.081244357323	-1.28961654051926	0.241727398764148	-5.33500359128728	9.5542666364017e-08	1.99725895392483e-06	SARM1	protein_coding
ENSG00000242193	16.5253543624877	-1.78300680941936	0.334237849924947	-5.33454487521307	9.57844982576033e-08	1.99775362805217e-06	CRYZL2P	transcribed_unitary_pseudogene
ENSG00000101871	862.071910781691	-1.19354353848937	0.225456027430422	-5.29390831592519	1.19729477247033e-07	2.45365180717513e-06	MID1	protein_coding
ENSG00000259129	34.0167516889366	-2.09469303238449	0.395908517842615	-5.290851138538	1.21748432553695e-07	2.49168679635996e-06	LINC00648	lincRNA
ENSG00000165092	61.2332634797702	-3.38710543867339	0.640377032433109	-5.2892362891344	1.22828131872626e-07	2.51042310169613e-06	ALDH1A1	protein_coding
ENSG00000131044	16.9330218816711	-1.75582930693876	0.334896759658055	-5.24289726998715	1.58074559535667e-07	3.17768012653252e-06	TTLL9	protein_coding
ENSG00000171551	78.108593465303	-3.03911989293378	0.581776312179571	-5.22386324315611	1.75228215404599e-07	3.4790765676695e-06	ECEL1	protein_coding
ENSG00000247271	30.4903236554642	-1.22254523474492	0.234960566309205	-5.20319325897466	1.95892966849289e-07	3.84395842935146e-06	ZBED5-AS1	antisense
ENSG00000227953	15.9065452817368	-2.0099957849922	0.387849570233505	-5.18241075729974	2.19036177224874e-07	4.21741193628952e-06	LINC01341	processed_transcript
ENSG00000143167	56.0785537707538	-2.45441855739313	0.474973710370805	-5.16748296548246	2.37267583877692e-07	4.52852287430981e-06	GPA33	protein_coding
ENSG00000181408	20.3116914964359	-2.82382521468212	0.550783631996624	-5.12692289791833	2.94516056936538e-07	5.47091309653195e-06	UTS2R	protein_coding
ENSG00000108950	41.9384800406903	-2.11291805809989	0.41274131749399	-5.1192307834087	3.06784360636531e-07	5.67124462564847e-06	FAM20A	protein_coding
ENSG00000112981	51.7848742495886	-1.36181697162305	0.266243971482546	-5.11492134090377	3.13871724966135e-07	5.78129027865334e-06	NME5	protein_coding
ENSG00000095587	38.1261398183093	-1.31195884561092	0.257679721600429	-5.09143225342858	3.55368846456604e-07	6.46002250253098e-06	TLL2	protein_coding
ENSG00000008735	175.331373062921	-2.00886456292635	0.396875427545364	-5.06170053245922	4.15533362321381e-07	7.46495187211431e-06	MAPK8IP2	protein_coding
ENSG00000156042	63.2248097734179	-1.63673800300547	0.326585405402206	-5.01166915585142	5.39599198548394e-07	9.40637690696448e-06	CFAP70	protein_coding
ENSG00000104899	54.3214230840352	-1.20675335767773	0.241996178216894	-4.98666287446965	6.14311206563746e-07	1.05642179144506e-05	AMH	protein_coding
ENSG00000170382	136.412656285215	-1.34725336225282	0.270244428137268	-4.98531411559204	6.1861228244887e-07	1.0626229858515e-05	LRRN2	protein_coding
ENSG00000101210	54.0435225846096	-1.69005348586584	0.339748780650399	-4.97442104907773	6.54429287634296e-07	1.11661997202602e-05	EEF1A2	protein_coding
ENSG00000147465	13.1643043720699	-1.73538115685338	0.348981126260019	-4.97270776632312	6.60241503691505e-07	1.125281171509e-05	STAR	protein_coding
ENSG00000163081	84.1381039441795	-3.37776809716016	0.67940609910919	-4.97164818153525	6.63860948096142e-07	1.13018999715967e-05	CCDC140	protein_coding
ENSG00000107611	55.0958635676294	-2.49751547818613	0.503841391322796	-4.95694780381005	7.16092042763561e-07	1.20968123201871e-05	CUBN	protein_coding
ENSG00000259485	10.3676156122525	-2.04753910485746	0.415909471772972	-4.92304033406368	8.52098813257882e-07	1.40679121566809e-05	LINC02253	lincRNA
ENSG00000084674	40.2020672826759	-2.06189232082774	0.4201891704552	-4.90705726326561	9.24530467951136e-07	1.51654740279367e-05	APOB	protein_coding
ENSG00000113361	4224.03460451623	-1.66670099047374	0.339832449782304	-4.90447863805067	9.36758149949117e-07	1.53331462488459e-05	CDH6	protein_coding
ENSG00000162552	199.406731488688	-3.79590791688185	0.775006751438106	-4.89790303095831	9.68648127914107e-07	1.5804367747653e-05	WNT4	protein_coding
ENSG00000189056	597.857255022424	-2.14033167659238	0.43891054168511	-4.87646450316504	1.08004112770375e-06	1.73990187147892e-05	RELN	protein_coding
ENSG00000280187	59.1697716086911	-1.38950377553011	0.285863156337011	-4.86073054441473	1.16953353641468e-06	1.86700913929485e-05	AC022107.1	TEC
ENSG00000177599	53.2439024438834	-1.22600916516526	0.253488967639289	-4.83653855464767	1.32119655975277e-06	2.08661704602276e-05	ZNF491	protein_coding
ENSG00000137573	5737.75458585844	-2.5750649247044	0.532684386033635	-4.83412878661288	1.33729994089878e-06	2.10769499963511e-05	SULF1	protein_coding
ENSG00000241511	44.2149208705229	-1.42213328306911	0.294335721720056	-4.83167070160011	1.35392061689477e-06	2.12949983447399e-05	RPS15AP24	processed_pseudogene
ENSG00000164707	106.816851600518	-1.49713704686368	0.310181047455542	-4.82665546185012	1.38845017762344e-06	2.17637499015029e-05	SLC13A4	protein_coding
ENSG00000142549	136.3162274018	-1.73439768750425	0.360277154453828	-4.81406513308776	1.47890570560307e-06	2.30709290074078e-05	IGLON5	protein_coding
ENSG00000104833	38.6404630775988	-1.48889368571748	0.309865484818546	-4.80496782850585	1.54776390450651e-06	2.39928943102266e-05	TUBB4A	protein_coding
ENSG00000279312	60.8254048845208	-1.26470999373718	0.263217528857665	-4.80480916003535	1.5489918029954e-06	2.39928943102266e-05	AL136164.4	TEC
ENSG00000151322	18.2065275803744	-1.58405553262895	0.329784692244674	-4.8033021843649	1.56070071918274e-06	2.4149790075775e-05	NPAS3	protein_coding
ENSG00000181409	60.3653221083184	-1.55391895865199	0.324325665103059	-4.7912303152395	1.65761714471518e-06	2.55202929591196e-05	AATK	protein_coding
ENSG00000260804	148.74336459401	-1.2678591512759	0.26508089345278	-4.7829141314621	1.72771944384104e-06	2.64133748574419e-05	LINC01963	lincRNA
ENSG00000159713	25.4827310994155	-2.23039946848329	0.467389565153922	-4.77203522451079	1.82373598177364e-06	2.76599957235668e-05	TPPP3	protein_coding
ENSG00000119681	230.140255739959	-1.4525122124898	0.304536421742923	-4.76958455142008	1.84606247197546e-06	2.79155322171719e-05	LTBP2	protein_coding
ENSG00000147041	72.5284513772795	-2.48160020718668	0.521331095478158	-4.76012313232646	1.93474886490644e-06	2.90048832026704e-05	SYTL5	protein_coding
ENSG00000253661	75.2607881178699	-1.74400689021046	0.366381959097808	-4.76007851070223	1.93517666579826e-06	2.90048832026704e-05	ZFHX4-AS1	antisense
ENSG00000146151	27.0330764194147	-1.98809799246094	0.4179259044218	-4.75705853938744	1.96434219658172e-06	2.93270151380286e-05	HMGCLL1	protein_coding
ENSG00000204103	352.037172375615	-2.43554850468005	0.513006717410154	-4.74759573709989	2.05848960099242e-06	3.03473375313135e-05	MAFB	protein_coding
ENSG00000273079	42.7292032134931	-1.39849254525961	0.295363924033574	-4.73481163901602	2.19258631974597e-06	3.21691551403804e-05	GRIN2B	protein_coding
ENSG00000138653	51.1677055111388	-2.51945953309352	0.535966268339413	-4.70078003397409	2.59169574247638e-06	3.71687096725881e-05	NDST4	protein_coding
ENSG00000162825	23.3778806041181	-1.12599188295138	0.239690038247026	-4.69769995944065	2.63107554511927e-06	3.76275799193484e-05	NBPF20	protein_coding
ENSG00000183036	79.2986197708549	-3.48039379553675	0.741905335955223	-4.69115617163697	2.71665502060896e-06	3.85923667093899e-05	PCP4	protein_coding
ENSG00000152763	31.0065405030096	-1.06913190827816	0.228362102726909	-4.68173963854548	2.84450616513495e-06	4.01540260873344e-05	WDR78	protein_coding
ENSG00000148948	31.6026577313055	-1.27093810531831	0.271882506036812	-4.67458581224874	2.94547459146896e-06	4.14644710445465e-05	LRRC4C	protein_coding
ENSG00000077264	139.58699574439	-1.21438950111891	0.259800792020376	-4.67431023468037	2.94943204580502e-06	4.1481984467587e-05	PAK3	protein_coding
ENSG00000204947	60.0905751925909	-1.04809121571506	0.224717961199596	-4.66402956897665	3.10076797114747e-06	4.33710345314752e-05	ZNF425	protein_coding
ENSG00000128045	354.783857690089	-2.45807938319074	0.527053188188204	-4.66381655263414	3.10398109521993e-06	4.33762915756145e-05	RASL11B	protein_coding
ENSG00000115423	53.6405251077244	-1.50549532024685	0.32464501877323	-4.63735844750004	3.52890125120918e-06	4.87792426116509e-05	DNAH6	protein_coding
ENSG00000105357	258.989192654134	-1.64732755840319	0.356213215280655	-4.62455486696439	3.7540370871433e-06	5.13802318605612e-05	MYH14	protein_coding
ENSG00000211448	10.2288246787387	-2.47503696047825	0.535991084660203	-4.61768307591782	3.88048288713076e-06	5.28741732428299e-05	DIO2	protein_coding
ENSG00000231689	11.0841255320894	-2.94729798548728	0.640369664375739	-4.60249469868382	4.17460192343447e-06	5.64790391198815e-05	LINC01090	lincRNA
ENSG00000226200	38.66306847908	-1.92817617094846	0.421818303913795	-4.57110597870715	4.85156828237474e-06	6.45524594438163e-05	SGMS1-AS1	antisense
ENSG00000143850	167.839065729491	-1.37234227053157	0.300398933147738	-4.56839928208615	4.91463130941235e-06	6.52779178612476e-05	PLEKHA6	protein_coding
ENSG00000213085	8.20848564129564	-1.93884212057603	0.42459813164611	-4.56629922759998	4.96410032556265e-06	6.58206121224647e-05	CFAP45	protein_coding
ENSG00000176769	43.5762333361792	-3.58393847686907	0.786315967113154	-4.55788592215288	5.16710880362157e-06	6.7981720645238e-05	TCERG1L	protein_coding
ENSG00000260852	73.8960616190724	-1.07500797371478	0.236059419100032	-4.5539719525415	5.26423777328929e-06	6.92000576767383e-05	FBXL19-AS1	antisense
ENSG00000076258	29.7076423393918	-1.08526542020354	0.238489215299462	-4.55058489265781	5.34969974219333e-06	7.01425468770596e-05	FMO4	protein_coding
ENSG00000109738	39.5395235029104	-1.0589130183914	0.232837888217503	-4.5478552760375	5.41953819787464e-06	7.0936558192729e-05	GLRB	protein_coding
ENSG00000091986	1014.24258147005	-1.19643857016384	0.263112118622131	-4.54725755860036	5.43494713484878e-06	7.10773924701182e-05	CCDC80	protein_coding
ENSG00000022556	296.90698050376	-5.03612210592414	1.10875720863677	-4.54213245848124	5.56880311080253e-06	7.2703554191246e-05	NLRP2	protein_coding
ENSG00000196668	49.5520155670597	-1.68645355377916	0.372373859754136	-4.52892572774215	5.92843319434747e-06	7.67433418079459e-05	LINC00173	processed_transcript
ENSG00000121039	169.133062619567	-1.18915571882175	0.262669509693983	-4.52719358332512	5.97721803927114e-06	7.72440485075039e-05	RDH10	protein_coding
ENSG00000272667	10.2221004410806	-1.70611626732897	0.377398910153066	-4.52072388507165	6.1628528406394e-06	7.94415634297598e-05	AC012306.2	lincRNA
ENSG00000178568	345.007512493522	-3.62087484201741	0.805434970397066	-4.49555206205211	6.9389677040889e-06	8.79626353732264e-05	ERBB4	protein_coding
ENSG00000197748	26.670854790983	-1.51427497084836	0.337292027270751	-4.48950715823715	7.13881485622577e-06	9.01968607619666e-05	CFAP43	protein_coding
ENSG00000243970	60.8277503364577	-2.13418047517267	0.475409070419608	-4.48914547063435	7.15094531465874e-06	9.02755177295646e-05	PPIEL	transcribed_unprocessed_pseudogene
ENSG00000132204	9.32650700198858	-2.01012391081646	0.448554386076812	-4.48133821273622	7.41764529810755e-06	9.33241929031526e-05	LINC00470	lincRNA
ENSG00000198336	23.7895058635235	-1.64823941228594	0.368275256660773	-4.47556381395499	7.62099315333861e-06	9.5499789613312e-05	MYL4	protein_coding
ENSG00000268006	38.328044664516	-1.12285865394385	0.251210779508652	-4.46978691017984	7.82975644716977e-06	9.7556085219504e-05	PTOV1-AS1	antisense
ENSG00000227082	9.40490132077503	-2.00332102385392	0.448532100661339	-4.46639386768556	7.95490975521738e-06	9.88737075916775e-05	AC244021.1	lincRNA
ENSG00000133640	91.6920008911059	-1.28259637987605	0.288367784798508	-4.44777970178689	8.67624438092895e-06	0.000107142507347045	LRRIQ1	protein_coding
ENSG00000154654	43.6076474396462	-1.10654038157338	0.248938222987911	-4.44504009184287	8.78754781858504e-06	0.000108254658380764	NCAM2	protein_coding
ENSG00000140873	159.239593503611	-3.38252671108708	0.76300321838397	-4.43317489309052	9.28554823083836e-06	0.0001134751889313	ADAMTS18	protein_coding
ENSG00000125355	107.286362253748	-1.46549068935438	0.330628568236117	-4.43243818032025	9.31734216557773e-06	0.000113705657405637	TMEM255A	protein_coding
ENSG00000069535	18.7820921640544	-2.88064660226111	0.650968812457002	-4.42516837540721	9.63670900688242e-06	0.000117204460856976	MAOB	protein_coding
ENSG00000137857	25.4764311650751	-1.18604066363278	0.268081352057808	-4.42418189302862	9.68084321255735e-06	0.000117647639931301	DUOX1	protein_coding
ENSG00000139908	52.4589653204453	-1.05653557071005	0.238911117007953	-4.42229555468898	9.76577420873757e-06	0.000118585509216187	TSSK4	protein_coding
ENSG00000272894	16.9929434837615	-1.43117976224294	0.323685510057941	-4.42151322123365	9.80120659451807e-06	0.000118921306680153	AC004982.2	lincRNA
ENSG00000163132	590.039476139801	-1.72236432036147	0.38997743702111	-4.41657428572781	1.00277448915335e-05	0.000121189062372936	MSX1	protein_coding
ENSG00000169116	131.51914231495	-1.5385671107299	0.34857453124997	-4.41388275044846	1.01532962770253e-05	0.000122609473525405	PARM1	protein_coding
ENSG00000185267	16.9718372513927	-1.20724855420247	0.276180334239459	-4.37123286684032	1.23546940092388e-05	0.000144956686119143	CDNF	protein_coding
ENSG00000247121	15.3158741350408	-1.37315862944557	0.314411893597977	-4.36738767650233	1.25741424541439e-05	0.000147418320428644	AC009126.1	antisense
ENSG00000183671	51.2831795242187	-2.73898293663542	0.627868098419743	-4.36235404144446	1.28670426299925e-05	0.000150621246345579	GPR1	protein_coding
ENSG00000188013	26.2730136312303	-1.12595125536797	0.258795387183393	-4.35073927561959	1.35679306107249e-05	0.00015846182060868	MEIS3P2	processed_pseudogene
ENSG00000247373	43.2851387077133	-1.04390529702432	0.240549115754971	-4.33967630164836	1.42692748802432e-05	0.00016601877805872	AC055713.1	lincRNA
ENSG00000248866	40.0949883108938	-1.38746663836233	0.31986349262671	-4.33768363800597	1.43992213340035e-05	0.00016727606060353	USP46-AS1	lincRNA
ENSG00000123080	15.8939192037581	-1.34443952813468	0.310167119925107	-4.33456495472282	1.46048661221522e-05	0.000169407582151338	CDKN2C	protein_coding
ENSG00000129596	188.709602229798	-1.32943595044475	0.30762112710461	-4.32166659994278	1.54855060192454e-05	0.000178135753214616	CDO1	protein_coding
ENSG00000183690	18.8199325762408	-1.31905059585997	0.306714817316075	-4.3005766966278	1.70354197716804e-05	0.000193633827114833	EFHC2	protein_coding
ENSG00000263069	15.3811356394554	-1.27363221986554	0.297442066985753	-4.28195054173875	1.85262165047515e-05	0.000208563179620501	AC124319.2	antisense
ENSG00000235555	17.5431627222326	-1.26955514058547	0.296954960876171	-4.27524476048364	1.90927423653951e-05	0.000213525856095216	SUMO1P4	processed_pseudogene
ENSG00000165309	18.8838643717589	-2.4075719646506	0.56343007828646	-4.27306254570693	1.92806345327276e-05	0.000215312155395427	ARMC3	protein_coding
ENSG00000245573	20.6439279471386	-1.09773782028255	0.256914235341586	-4.27277927524345	1.93051533180847e-05	0.000215428601406481	BDNF-AS	antisense
ENSG00000237976	15.600138769137	-1.38067490290714	0.323393985282652	-4.26932771090474	1.96063026778119e-05	0.000218152223681506	AL391069.3	antisense
ENSG00000162643	30.64166874374	-1.30776657371838	0.306645439173893	-4.26475142510359	2.00124876254142e-05	0.000221905055191321	WDR63	protein_coding
ENSG00000086696	66.0116888110579	-4.72908638399278	1.1122564828022	-4.25179484868311	2.12064078493983e-05	0.000232409855220789	HSD17B2	protein_coding
ENSG00000115297	32.1694586883252	-3.14370001066105	0.739455017539397	-4.25137423655869	2.12462804577245e-05	0.000232674165929579	TLX2	protein_coding
ENSG00000144488	21.3263765034055	-1.2311018438884	0.290657326261125	-4.23557823133069	2.27964317449455e-05	0.00024769854194508	ESPNL	protein_coding
ENSG00000154975	15.3957690738023	-1.69834973013953	0.401094657226142	-4.2342865943038	2.29278394232449e-05	0.000248949438283074	CA10	protein_coding
ENSG00000270959	28.5882709619205	-1.61366582107208	0.381140942638868	-4.23377716888589	2.29798649543686e-05	0.000249160408100983	LPP-AS2	antisense
ENSG00000102043	15.0462416661331	-1.43851596832658	0.340040625915427	-4.23042383378142	2.33251413372231e-05	0.000252327527067284	MTMR8	protein_coding
ENSG00000197816	19.2175670370127	-1.05006029006787	0.248489307831358	-4.22577655043619	2.38118187940013e-05	0.000256889694063632	CCDC180	protein_coding
ENSG00000136542	43.0891212584678	-1.3287277378335	0.314515921417078	-4.22467559622039	2.39285214903234e-05	0.000257800730475028	GALNT5	protein_coding
ENSG00000279659	9.24639387548927	-1.65560028339787	0.393512894396319	-4.20723261416299	2.5851700311374e-05	0.000275992174832601	AL451064.2	TEC
ENSG00000100583	70.0975372628331	-1.61694890770613	0.385352503051403	-4.19602544398276	2.71639744268283e-05	0.000288390861831494	SAMD15	protein_coding
ENSG00000182902	12.8194136786368	-1.43240291519616	0.341519877144614	-4.19420072170387	2.73835425232642e-05	0.000290117531597826	SLC25A18	protein_coding
ENSG00000262877	93.8739817597925	-1.20193888597271	0.28747558327692	-4.18101207856287	2.90214445608763e-05	0.000304949890166374	AC110285.2	lincRNA
ENSG00000111262	49.466658104203	-3.66759727929111	0.880541959367292	-4.16515901403091	3.11135629705443e-05	0.000324021901017494	KCNA1	protein_coding
ENSG00000117461	610.901477134856	-1.1444905420861	0.274975706350506	-4.162151476128	3.1526309895976e-05	0.000327650731264229	PIK3R3	protein_coding
ENSG00000158423	11.0109803782613	-1.64984219009184	0.396888730422546	-4.15693886882437	3.22540251323966e-05	0.000333852089522058	RIBC1	protein_coding
ENSG00000242622	34.2364756404817	-1.03639596476839	0.249409466492928	-4.15539946956175	3.24719699677255e-05	0.000335880566215553	AC092910.3	lincRNA
ENSG00000223764	19.1370882424491	-1.70928755975748	0.412717103809431	-4.14154767025776	3.44970154726263e-05	0.000353005604113461	AL645608.1	lincRNA
ENSG00000170959	28.2655513456269	-1.42499530645007	0.344275567491138	-4.13911250465589	3.48651952485793e-05	0.000356058186346212	DCDC1	protein_coding
ENSG00000196296	36.9558171364821	-1.01971360584625	0.246996527455107	-4.12845320682327	3.65211741036304e-05	0.000370494830588123	ATP2A1	protein_coding
ENSG00000145113	22.7704187885739	-1.95602021755909	0.473814068552423	-4.1282442784678	3.65543665948235e-05	0.000370585647547521	MUC4	protein_coding
ENSG00000134121	28.2361837369941	-1.84543314014935	0.44878600291768	-4.11205592008595	3.92151279503354e-05	0.000394162311705936	CHL1	protein_coding
ENSG00000272447	15.9498827902908	-1.21743190438951	0.296213044698833	-4.10998747751742	3.956805743528e-05	0.000396666532505286	AL135925.1	lincRNA
ENSG00000163491	12.2675464676099	-1.38132859446552	0.336151725317288	-4.1092414241269	3.96960914532928e-05	0.000397168747472474	NEK10	protein_coding
ENSG00000264920	48.799288087258	-1.1916928176895	0.290020301127459	-4.10899793240946	3.97379633394812e-05	0.000397327654371478	AC018521.5	processed_transcript
ENSG00000187098	89.9613479464673	-2.48574900178846	0.605321170425747	-4.10649606066171	4.01706309553009e-05	0.000400605744321357	MITF	protein_coding
ENSG00000102230	119.846473714268	-1.04330828899735	0.2542218391451	-4.10392864950471	4.06192784000978e-05	0.000403763022224119	PCYT1B	protein_coding
ENSG00000129654	122.016347230205	-2.3871467821438	0.582709983581906	-4.09662928283819	4.192094158001e-05	0.000414545507681237	FOXJ1	protein_coding
ENSG00000155530	15.9263645288333	-1.51956335317849	0.370983172203655	-4.09604388294008	4.20270299739502e-05	0.000415319985843602	LRGUK	protein_coding
ENSG00000076555	111.287641228621	-1.07763558777289	0.263159513011882	-4.09499005162026	4.22186515980382e-05	0.00041641209395536	ACACB	protein_coding
ENSG00000068976	55.5725625881001	-1.16969735870907	0.28773796850186	-4.06514776203929	4.8002040343795e-05	0.000465348885717145	PYGM	protein_coding
ENSG00000188659	12.3803416870312	-1.46602970978667	0.361545087449721	-4.05490147889384	5.01554376088058e-05	0.000484075966012262	SAXO2	protein_coding
ENSG00000197415	41.3651459701422	-1.4181882076445	0.349896767687545	-4.05316178545247	5.05300320044657e-05	0.000486769457646043	VEPH1	protein_coding
ENSG00000187634	44.5504759644203	-1.61706295224815	0.399518931324387	-4.04752522461865	5.17620052682177e-05	0.000497383743897242	SAMD11	protein_coding
ENSG00000248632	26.1281188578385	-2.80944510408557	0.694332583914422	-4.04625271688508	5.20440468798171e-05	0.000499152690526126	AC106872.5	processed_pseudogene
ENSG00000075223	1103.00581288933	-2.36748608634942	0.585613342503981	-4.042746150944	5.28288056978842e-05	0.000505411002196028	SEMA3C	protein_coding
ENSG00000233006	12.262470866198	-1.42900672929315	0.353510140293078	-4.04233589483014	5.29213490036769e-05	0.000505979727059545	MIR3936HG	processed_transcript
ENSG00000233622	14.0622691019332	-1.43567385719535	0.355283562140208	-4.04092395535255	5.32410219814091e-05	0.000508082861455544	CYP2T1P	transcribed_unitary_pseudogene
ENSG00000204252	42.3717213330464	-1.2973353578196	0.321875263932718	-4.03055314648466	5.56457447580755e-05	0.000527083113916641	HLA-DOA	protein_coding
ENSG00000213865	38.8272704005541	-1.0051886313073	0.249781663314943	-4.02426910753607	5.71525349601979e-05	0.000539283926812015	C8orf44	protein_coding
ENSG00000261716	60.4389622681575	-1.11750795782728	0.278073780781247	-4.01874622874422	5.85086452101936e-05	0.000550110804411709	AC239868.1	sense_overlapping
ENSG00000141338	11.2247307573325	-1.90933289257583	0.475865501547244	-4.01233728094968	6.01205186429883e-05	0.000563187799640935	ABCA8	protein_coding
ENSG00000198520	16.0744519585654	-1.15839800117928	0.28892514804742	-4.0093360131779	6.08897212115155e-05	0.000569346824392446	C1orf228	protein_coding
ENSG00000261934	9.96567993063552	-1.57984930134931	0.394366430298903	-4.00604407467413	6.17441326571207e-05	0.00057627857146646	PCDHGA9	protein_coding
ENSG00000150773	25.0249502802399	-1.46008148459733	0.364804715598481	-4.00236461363169	6.27125544768419e-05	0.000583891311109597	PIH1D2	protein_coding
ENSG00000269113	115.086166737071	-1.2301913046223	0.308316100345849	-3.99003264261045	6.60642026004935e-05	0.000609897058790063	TRABD2B	protein_coding
ENSG00000141294	16.1659788565348	-1.15843439662008	0.290815908317432	-3.98339417992095	6.79379301274609e-05	0.000625307089577738	LRRC46	protein_coding
ENSG00000172771	18.5793173792786	-1.5472518676213	0.39033487366698	-3.9639088690327	7.3732409085481e-05	0.000669768906772926	EFCAB12	protein_coding
ENSG00000279798	32.2933371044131	-2.2710955488984	0.573073952908083	-3.96300606121365	7.40119019024653e-05	0.000671908525109792	AC018659.2	TEC
ENSG00000258636	12.8149412147888	-1.42892529606012	0.360708960894383	-3.96143553660846	7.45004967401843e-05	0.000675141431039679	AL121821.1	lincRNA
ENSG00000239922	16.6132528225254	-2.24906360542111	0.569488852068037	-3.94926713183916	7.83908307097074e-05	0.000702896785859241	AC092958.1	lincRNA
ENSG00000182022	322.468684071484	-1.40831350635532	0.357158086528478	-3.94310967460911	8.04318501225837e-05	0.000718668687711315	CHST15	protein_coding
ENSG00000150551	105.402380005815	-1.51226500267002	0.385509322969371	-3.92277154550206	8.75361466727301e-05	0.000775798614685622	LYPD1	protein_coding
ENSG00000215217	13.5879918841256	-1.31537967211386	0.336068637782742	-3.9140208999931	9.07717736299882e-05	0.000802149638875873	C5orf49	protein_coding
ENSG00000234432	12.2188623118154	-1.22746473106645	0.315057913053198	-3.8959971491311	9.779553881877e-05	0.000858265325752787	AC092171.3	lincRNA
ENSG00000171962	38.0433615982183	-1.00482898295046	0.258158729006007	-3.89229133107127	9.93018991781784e-05	0.000867005959243856	DRC3	protein_coding
ENSG00000204311	25.5311643072902	-1.20392934911181	0.309807958067544	-3.88605043143964	0.000101888348772208	0.000886046118333058	PJVK	protein_coding
ENSG00000050438	133.194600040558	-1.05388785107332	0.271825598781822	-3.87707359349628	0.000105720387728239	0.000915724242260234	SLC4A8	protein_coding
ENSG00000176387	82.74165191364	-2.71625187623024	0.700912272798096	-3.87530933848077	0.000106489332691314	0.00092081952386019	HSD11B2	protein_coding
ENSG00000197405	45.391767185277	-1.417681390685	0.366275362284501	-3.87053440297694	0.000108597029484838	0.000934288906451441	C5AR1	protein_coding
ENSG00000232021	17.0314819296481	-1.30654934914553	0.338029466701897	-3.86519365277038	0.000111001093344167	0.000949627708475449	LEF1-AS1	processed_transcript
ENSG00000197769	106.255579016695	-1.97949169971563	0.512446214521318	-3.86282822201096	0.000112081823687664	0.000957801520702628	MAP1LC3C	protein_coding
ENSG00000258311	12.2177264913787	-1.33581918776662	0.346206526572982	-3.8584460003963	0.000114110272590486	0.000972960316432436	AC009779.3	protein_coding
ENSG00000150667	13.7784959710052	-1.39703676295798	0.36231548791424	-3.85585714538556	0.000115324823480727	0.000981673664461782	FSIP1	protein_coding
ENSG00000235092	11.6254638814967	-1.65057210745157	0.428891691224512	-3.84845904274593	0.000118863164796835	0.00100619051130344	ID2-AS1	antisense
ENSG00000092850	29.0474376504841	-1.3335790069411	0.346778535799493	-3.84562154017564	0.000120247241590458	0.00101565736432869	TEKT2	protein_coding
ENSG00000126218	18.9138527324487	-1.79133858168025	0.466652188118471	-3.83870177251902	0.000123686550250351	0.00103782655336299	F10	protein_coding
ENSG00000162543	27.6660092122222	-1.32496888843981	0.345790493512237	-3.83170999000561	0.000127255692519624	0.00106426970855581	UBXN10	protein_coding
ENSG00000174599	54.93935921599	-1.17124047258503	0.306354369508293	-3.82315576064708	0.000131754490099549	0.00109589915377688	TRAM1L1	protein_coding
ENSG00000148942	16.5378378203916	-1.64668546776591	0.431009121733341	-3.82053507624995	0.000133162464565702	0.00110460540329921	SLC5A12	protein_coding
ENSG00000185745	144.577888395598	-1.88522958227361	0.49518303112549	-3.8071368842925	0.000140584939605319	0.00115551750359468	IFIT1	protein_coding
ENSG00000140527	7.58747544422694	-1.58379119458173	0.416843726991099	-3.79948429598305	0.000144997499479618	0.00118731749975597	WDR93	protein_coding
ENSG00000007237	805.673050766335	-1.28747543141472	0.339303631624815	-3.79446404758304	0.000147962718800688	0.00120900804116778	GAS7	protein_coding
ENSG00000198570	9.48727275840308	-1.7369077375395	0.458847452887172	-3.78537077325042	0.000153479574256599	0.00124874706292437	RD3	protein_coding
ENSG00000260855	30.1514284971925	-1.35202432878547	0.357414411043902	-3.78279187130873	0.000155079081477415	0.00125974973306414	AL591848.4	lincRNA
ENSG00000101638	25.96859733387	-2.04843895444138	0.542687211757047	-3.77462175275734	0.000160250627552728	0.00129835470265927	ST8SIA5	protein_coding
ENSG00000196220	400.054020799289	-1.31653826780178	0.349573135369852	-3.76613113135501	0.000165796736301526	0.00133616262761083	SRGAP3	protein_coding
ENSG00000101134	61.1111336444617	-1.0589105344707	0.281365557281998	-3.7634689359274	0.000167572550997072	0.00134763238276867	DOK5	protein_coding
ENSG00000166676	39.2468621259788	-1.34787689373149	0.358162914720277	-3.76330669182814	0.000167681352158433	0.00134779837633971	TVP23A	protein_coding
ENSG00000129646	173.2132647922	-1.00477643913464	0.267056593410516	-3.76241015547635	0.000168283770094035	0.00135121968340211	QRICH2	protein_coding
ENSG00000107984	107.27722254123	-3.06858520269755	0.816451336262843	-3.75844225663643	0.000170974484175906	0.00136851199690118	DKK1	protein_coding
ENSG00000228775	9.98293992454917	-1.8296667885345	0.48725831324513	-3.75502426289858	0.000173324687086906	0.00138514783909285	WEE2-AS1	antisense
ENSG00000255794	278.128524643896	-2.3069677580949	0.616257174298429	-3.74351464665907	0.000181464019416299	0.001441903289416	RMST	processed_transcript
ENSG00000179869	23.2864313698147	-2.24762344128288	0.600531123223021	-3.74272598765572	0.000182034696457869	0.00144468772620505	ABCA13	protein_coding
ENSG00000165695	13.5769064167999	-1.11894869993585	0.300675676252718	-3.72144735444239	0.000198084165841361	0.00154821611829383	AK8	protein_coding
ENSG00000163347	209.929216222016	-2.31722044297557	0.6265468871868	-3.69839909887655	0.000216963564813	0.00167353127086839	CLDN1	protein_coding
ENSG00000196689	71.7751190851381	-1.01251166091583	0.274134534098398	-3.69348453030875	0.000221201972654379	0.00170193042674391	TRPV1	protein_coding
ENSG00000129317	357.204425044367	-4.84825633126968	1.31281326576191	-3.69302813866367	0.000221599492226778	0.00170413130642001	PUS7L	protein_coding
ENSG00000119686	67.950221818256	-1.46644446866457	0.39729218202575	-3.69109822697071	0.000223287881295494	0.00171455135484837	FLVCR2	protein_coding
ENSG00000184986	29.4044629775156	-1.00814917323756	0.273130125469981	-3.69109475383873	0.000223290930632071	0.00171455135484837	TMEM121	protein_coding
ENSG00000173947	40.2037605113717	-1.409318520325	0.382076020822374	-3.68858144327301	0.000225507843181367	0.0017298363806105	PIFO	protein_coding
ENSG00000072163	61.9766572833881	-1.44627295929637	0.392265470708383	-3.68697493736724	0.000226935697536478	0.00173817281760404	LIMS2	protein_coding
ENSG00000179023	77.3666635310224	-2.54875272597295	0.694892752859331	-3.66783610202494	0.000244611894080219	0.00184946915761542	KLHDC7A	protein_coding
ENSG00000171435	26.1241951867268	-1.27421431292536	0.350754981245162	-3.63277610029077	0.000280388301048733	0.00208086230409371	KSR2	protein_coding
ENSG00000188596	15.39878505978	-1.80839432412041	0.498659740091054	-3.6265095790372	0.000287278167149497	0.00212786270318872	CFAP54	protein_coding
ENSG00000129167	15.6147456935848	-1.63107731813342	0.449802311604488	-3.62620928361886	0.000287612283513435	0.00212930585489268	TPH1	protein_coding
ENSG00000187372	34.0813707068696	-1.09976017718527	0.303518326580227	-3.62337322288371	0.000290785761693172	0.00214760035012813	PCDHB13	protein_coding
ENSG00000254818	16.4428329041483	-1.47828780190706	0.410295578827878	-3.60298252818176	0.000314586681604956	0.00230335305956732	AP004607.3	unprocessed_pseudogene
ENSG00000084453	32.3674221198121	-1.93826153791222	0.539395103380513	-3.5933984675884	0.000326392867045766	0.00237953941411334	SLCO1A2	protein_coding
ENSG00000205913	16.764792443844	-1.33096479382176	0.370672052623489	-3.59068018320143	0.000329816133759241	0.00239877690433457	SRRM2-AS1	antisense
ENSG00000272086	18.4745871090062	-1.36394111068201	0.380046180288449	-3.58888256592081	0.000332098385185053	0.00241234261968896	AC025181.2	lincRNA
ENSG00000164125	360.717209142081	-2.67275204115446	0.745863144620923	-3.58343492426195	0.000339105276312602	0.00245117799728939	FAM198B	protein_coding
ENSG00000183773	13.7180878174994	-1.55123144815666	0.432965337522511	-3.58280747607424	0.000339921139314637	0.0024559141672222	AIFM3	protein_coding
ENSG00000182103	45.9164517892124	-1.5258732517742	0.426035858884397	-3.58156061269068	0.000341547873655771	0.00246533705970228	FAM181B	protein_coding
ENSG00000145075	17.4861989808362	-1.0371450158542	0.289729222090275	-3.5797045543823	0.000343982895735133	0.00247759678866921	CCDC39	protein_coding
ENSG00000175556	12.7843900219127	-1.36606577948476	0.381835211649316	-3.57763175790968	0.00034672145455155	0.00249091992348877	LONRF3	protein_coding
ENSG00000280077	13.8600387278027	-1.21570206499911	0.341251282247585	-3.56248350773108	0.000367362993448018	0.00262073982446724	AL353763.2	TEC
ENSG00000185880	147.174031247149	-2.22485756770278	0.625781714740499	-3.55532530800359	0.000377511708027236	0.00267938671881169	TRIM69	protein_coding
ENSG00000007174	20.7103426158721	-1.35136144331518	0.380397352147309	-3.5524996051809	0.000381589591273198	0.00269581408104651	DNAH9	protein_coding
ENSG00000185634	29.2696542687272	-1.72912788946218	0.487001337835233	-3.55056086118433	0.000384411243432534	0.0027132405769144	SHC4	protein_coding
ENSG00000078018	3163.63336177303	-1.74407745797485	0.4922866402585	-3.54280883401392	0.000395889569809316	0.00278295069873399	MAP2	protein_coding
ENSG00000205002	15.6597730662916	-1.0947649098587	0.30920994730274	-3.54052293404015	0.000399334927165633	0.00280433273610849	AARD	protein_coding
ENSG00000270049	13.0440487382955	-1.35391736686496	0.385690289592854	-3.51037452432157	0.000447475941558697	0.00308515543653581	AC009061.2	antisense
ENSG00000273148	20.9812657264378	-1.22466704591304	0.350973295435033	-3.48934537710357	0.000484205094167066	0.00329001221316715	AL035563.1	lincRNA
ENSG00000214960	76.7099348076419	-1.74294734223302	0.49973176413312	-3.4877657722168	0.000487074571309902	0.00330803911425402	ISPD	protein_coding
ENSG00000134245	3471.17769635357	-2.21173445534709	0.636606729393074	-3.47425553835365	0.000512272917028155	0.00345309892218978	WNT2B	protein_coding
ENSG00000172748	53.7850492853944	-1.00757436130195	0.290058794729994	-3.47369009183076	0.000513353586747896	0.00345733464061754	ZNF596	protein_coding
ENSG00000279382	28.5948613437895	-1.24170928811728	0.357598559101792	-3.47235540108487	0.00051591285367964	0.00347304082212873	AC018665.1	TEC
ENSG00000183273	19.9052959258315	-1.45549669288388	0.42325944299776	-3.43878138329351	0.00058433891334317	0.00384396441789603	CCDC60	protein_coding
ENSG00000112964	35.314514599285	-1.30727242813002	0.380818653481291	-3.43279515375485	0.000597393261892828	0.00392140325797233	GHR	protein_coding
ENSG00000181218	21.1679597324363	-1.05157468783474	0.307949687541187	-3.41476134050014	0.000638379197814452	0.00413014861455241	HIST3H2A	protein_coding
ENSG00000130518	33.1930406525168	-1.5854539773903	0.46479685999923	-3.41106860617116	0.000647088074924086	0.0041816419473089	IQCN	protein_coding
ENSG00000164675	15.0423449728974	-1.07582279645516	0.315768810084083	-3.4069951245935	0.000656823002493254	0.00423221064737719	IQUB	protein_coding
ENSG00000231700	9.59361346973978	-1.20529709466333	0.354126681311739	-3.40357605984029	0.000665098931278506	0.00427228254680076	AL356276.2	processed_pseudogene
ENSG00000177839	19.293834518006	-1.04974432896253	0.308786371630555	-3.39958115191201	0.000674891491945475	0.00432791154734162	PCDHB9	protein_coding
ENSG00000054690	308.99371380295	-1.157491342159	0.340713442537947	-3.39725762956969	0.000680648531676351	0.0043593442615283	PLEKHH1	protein_coding
ENSG00000237854	23.8617673616967	-1.502648384944	0.442416744587965	-3.39645459473615	0.000682648819934913	0.00436666743061295	LINC00674	transcribed_unprocessed_pseudogene
ENSG00000204291	34.1408829987213	-1.77320247364924	0.522957353758011	-3.3907209850036	0.000697090299492657	0.00443861578452467	COL15A1	protein_coding
ENSG00000102271	61.8673963568985	-1.21013719256324	0.357797305264753	-3.38218643560715	0.000719113223033482	0.004552299359725	KLHL4	protein_coding
ENSG00000188738	145.946304810897	-1.29739600021862	0.38404717957788	-3.37822035731295	0.000729565930473094	0.00460512136460473	FSIP2	protein_coding
ENSG00000279259	14.8546858705716	-1.20769854482498	0.359238814591637	-3.36182643904397	0.000774287748460854	0.00482761464048513	AC087741.3	TEC
ENSG00000244041	16.6598025577152	-1.27939769591815	0.380874301899407	-3.35910742609265	0.000781946638145074	0.00487139372614584	LINC01011	lincRNA
ENSG00000162814	28.5309822327445	-1.00527307742219	0.299416566855913	-3.35743973013342	0.000786678919552361	0.00489090985039304	SPATA17	protein_coding
ENSG00000279368	16.3645999199482	-1.03122086608597	0.308628473790213	-3.34130177109624	0.00083386537043023	0.00512590823608257	AL031123.3	TEC
ENSG00000148057	21.5277301042462	-1.2150837004956	0.363884209276987	-3.33920425651304	0.000840187611861945	0.00515854948198611	IDNK	protein_coding
ENSG00000197191	10.9139954835526	-1.17986470090247	0.354411715123809	-3.32907928986011	0.000871335946324903	0.00531139710821974	CYSRT1	protein_coding
ENSG00000247498	9.79938687528615	-1.43705458316184	0.432341343236536	-3.32388888003159	0.000887715596155894	0.00538547461667909	GPRC5D-AS1	antisense
ENSG00000223873	9.09351399255232	-1.38812764476035	0.418969073712122	-3.31319835247351	0.000922355413611274	0.00556179153783676	SAP18P2	processed_pseudogene
ENSG00000232104	14.655791591335	-1.23866229634514	0.374187460951707	-3.31027205774007	0.000932053314656982	0.00560993349388816	RFX3-AS1	lincRNA
ENSG00000144821	25.9062939427344	-1.37572299451078	0.416434579457866	-3.30357530899993	0.000954603257117605	0.00571192743436945	MYH15	protein_coding
ENSG00000254245	59.0369875245917	-1.40134911517318	0.425419960248902	-3.29403706011653	0.000987594764568885	0.00587484387577009	PCDHGA3	protein_coding
ENSG00000267506	13.0550756770039	-1.44881440386621	0.441664525158356	-3.28035040474837	0.00103678230949026	0.00611038085870743	AC021683.2	lincRNA
ENSG00000158560	33.2424990123444	-1.40036620962655	0.427787099561853	-3.27351201347779	0.00106219875272641	0.00623853036176771	DYNC1I1	protein_coding
ENSG00000245552	19.5961120885454	-1.17659967365431	0.360779859482823	-3.26126761993022	0.00110915303564329	0.0064646327140353	AP000787.1	antisense
ENSG00000114757	19.0933224634559	-1.11365653099884	0.342055295069378	-3.25577924695758	0.0011308163525332	0.00658086044824042	PEX5L	protein_coding
ENSG00000010319	29.9435950618309	-1.50368288454774	0.464280534436826	-3.23873773078105	0.00120059918777441	0.00691588560011121	SEMA3G	protein_coding
ENSG00000156687	1231.13471569858	-1.82125207083321	0.563402127604565	-3.23259707693452	0.00122670448509755	0.00703445542692098	UNC5D	protein_coding
ENSG00000146250	88.7960973182691	-1.84082769380478	0.570173190536984	-3.22854130000589	0.00124423291309992	0.00711093070067074	PRSS35	protein_coding
ENSG00000271009	9.72270286005051	-1.51516866540518	0.469463534220167	-3.22744697928893	0.0012490018582339	0.00713022420040323	AC116667.1	lincRNA
ENSG00000125084	95.9736144747075	-1.86156817493855	0.577675856199477	-3.22251337832567	0.00127071231500281	0.00722180292630592	WNT1	protein_coding
ENSG00000214562	13.0700545675112	-1.02074992229327	0.318730539970671	-3.2025482163937	0.00136217494798044	0.00766467817619614	NUTM2D	protein_coding
ENSG00000277152	32.1526444758753	-1.23954009949907	0.387297100411121	-3.20048897392538	0.00137194618512005	0.00770831064980352	AC110048.2	lincRNA
ENSG00000279348	104.47497320299	-1.07881340480108	0.337131089341447	-3.19998196223445	0.00137436188556198	0.00771385601274934	AC012513.3	TEC
ENSG00000112280	315.402561004571	-1.21970021975641	0.382601926016033	-3.18790925193957	0.00143305503946717	0.0079841637913171	COL9A1	protein_coding
ENSG00000198157	125.644888347191	-1.12644601362036	0.353751735916706	-3.18428405927482	0.00145112535242674	0.0080701361905784	HMGN5	protein_coding
ENSG00000165985	9.89826476622613	-1.18164792966877	0.371419398922292	-3.181438376933	0.0014654569557023	0.00813799707184046	C1QL3	protein_coding
ENSG00000213967	60.7114747478138	-1.04712356755066	0.329412358131121	-3.1787622464785	0.00147905355269533	0.00820753927898591	ZNF726	protein_coding
ENSG00000238249	32.4675908822101	-1.23896420303877	0.390126377326702	-3.17580218884104	0.00149422802923933	0.00828272592857536	HMGN2P17	processed_pseudogene
ENSG00000236204	15.013802236889	-1.38253870854564	0.435466094429656	-3.17484811385004	0.00149914949477243	0.00830097699242336	LINC01376	lincRNA
ENSG00000110876	10.8034543833296	-1.45438347097881	0.458677488394429	-3.1708193835058	0.00152009626219738	0.00838329773456017	SELPLG	protein_coding
ENSG00000172361	13.6525991542972	-1.02111492896995	0.32204498881894	-3.17072137254725	0.0015206091980682	0.00838329773456017	CFAP53	protein_coding
ENSG00000186976	19.1617635192284	-1.2104880393581	0.382022450677865	-3.16863063207462	0.00153158903836011	0.00842870166250877	EFCAB6	protein_coding
ENSG00000102904	22.8027780286366	-1.15362159815171	0.366074728755371	-3.15132815115084	0.00162529773759208	0.00885199565810748	TSNAXIP1	protein_coding
ENSG00000279649	21.8367038874348	-1.453962892644	0.462246235158397	-3.14542938818264	0.00165843223877264	0.00900999007333195	AC020978.9	TEC
ENSG00000166682	15.489941653517	-1.34590817359629	0.428360305492892	-3.14200021882893	0.00167797910457778	0.00910647658884813	TMPRSS5	protein_coding
ENSG00000242808	40.023694632311	-1.44093685869673	0.458928197318184	-3.13978715432406	0.0016907062528234	0.00915317179559355	SOX2-OT	sense_overlapping
ENSG00000091656	2270.68860006791	-1.41517700422735	0.451038767822331	-3.13759504767184	0.00170340035903537	0.00920610134971142	ZFHX4	protein_coding
ENSG00000176204	22.5326437113084	-1.44984653379831	0.462215645804094	-3.13673184142455	0.00170842304746571	0.00922574957800304	LRRTM4	protein_coding
ENSG00000127903	23.7618360299092	-1.53678744747781	0.490393053662411	-3.1337871448231	0.00172565985141331	0.0092934707671748	ZNF835	protein_coding
ENSG00000183145	39.5620974642212	-1.30142725242118	0.415988290376469	-3.12851895721244	0.00175689677331736	0.00943098239834122	RIPPLY3	protein_coding
ENSG00000228878	9.37186699196741	-1.13188722791351	0.362136742150897	-3.12557963931169	0.00177455013056156	0.00952222560349508	SEPT7-AS1	lincRNA
ENSG00000236682	13.7182381481812	-1.17211243436889	0.379671020330284	-3.08717908822548	0.0020206581909936	0.0105540903395662	AC068282.1	lincRNA
ENSG00000203685	12.1666779833069	-1.12687302239301	0.365620765200399	-3.08208157098343	0.00205558499704728	0.010721864017352	STUM	protein_coding
ENSG00000107249	465.639721390851	-1.58381841979506	0.515481258556979	-3.07250437043773	0.00212270724897158	0.0109932074601211	GLIS3	protein_coding
ENSG00000213057	10.2063074844406	-1.20971156984952	0.395170170627717	-3.06124211735902	0.00220420776082807	0.0113312750469485	C1orf220	lincRNA
ENSG00000270605	20.0548648285246	-1.35309883582613	0.442011387948886	-3.06123071196212	0.00220429173139879	0.0113312750469485	AL353622.1	antisense
ENSG00000270127	11.7379700738456	-1.03434447859039	0.338330962626084	-3.0571972206207	0.00223417225505768	0.0114540662090281	AC027020.2	lincRNA
ENSG00000118557	37.1203690904759	-1.05041754299165	0.343670190606319	-3.05646975415136	0.00223960074638068	0.0114742011429852	PMFBP1	protein_coding
ENSG00000134115	110.081508071668	-1.54318944198369	0.50634433333716	-3.04770753888565	0.00230594231847618	0.0117550003884174	CNTN6	protein_coding
ENSG00000182809	183.372264938286	-1.3872427691586	0.457454458204771	-3.03252650461135	0.00242515799052576	0.0122789156797172	CRIP2	protein_coding
ENSG00000176273	243.914611934009	-1.07640798706793	0.355028106957899	-3.03189512596978	0.00243023622327844	0.0122943254075052	SLC35G1	protein_coding
ENSG00000170542	757.028470655172	-1.3384245458179	0.441535060781073	-3.03129845102274	0.00243504427383681	0.0123105016066194	SERPINB9	protein_coding
ENSG00000157399	18.7447324963879	-1.22508135328566	0.40423496386492	-3.0306169995108	0.00244054610810073	0.0123301615666371	ARSE	protein_coding
ENSG00000106536	64.3991905064516	-1.3839828170674	0.456951767453519	-3.02872844716194	0.00245585321645967	0.0123952076504574	POU6F2	protein_coding
ENSG00000153404	1125.97176237921	-1.30477857355431	0.433041773445313	-3.01305475260133	0.00258632250627278	0.0129519171412029	PLEKHG4B	protein_coding
ENSG00000205129	10.4739748736467	-1.14135883491839	0.381146967765823	-2.9945373607685	0.00274861391841398	0.0136298441727905	C4orf47	protein_coding
ENSG00000241288	12.2429373343643	-1.28630249351903	0.431701020769005	-2.97961420435767	0.00288611622644013	0.0141601235140618	AC092902.2	processed_transcript
ENSG00000205085	26.5067743689438	-1.68939069474717	0.567771001795374	-2.97547900369176	0.00292531374712744	0.0143202678725854	FAM71F2	protein_coding
ENSG00000169436	90.9974011632749	-1.41060628741369	0.474188913642486	-2.97477702837485	0.00293201579877098	0.0143393018335287	COL22A1	protein_coding
ENSG00000148704	36.0285778574154	-1.18954159322457	0.399979830416353	-2.97400394411473	0.00293941296886331	0.0143708811857954	VAX1	protein_coding
ENSG00000236824	11.8757893926073	-1.53574381760304	0.517358877619611	-2.96843039529747	0.00299324885673023	0.0145457051880775	BCYRN1	scRNA
ENSG00000160460	22.8350801058587	-1.1005450587735	0.371554459343116	-2.96200201908272	0.00305645779627514	0.0148104997747874	SPTBN4	protein_coding
ENSG00000227051	474.539672144007	-1.1585311777182	0.396146812871772	-2.92449955439425	0.00345010573694272	0.0163601788171155	C14orf132	protein_coding
ENSG00000132692	13.4896950221277	-1.16832562084488	0.400195494451062	-2.91938724209638	0.00350720249451127	0.0165743776618511	BCAN	protein_coding
ENSG00000133519	27.6504449996747	-1.23044417963398	0.422167462012583	-2.91458790729188	0.00356158487445154	0.0167743405916868	ZDHHC8P1	transcribed_unprocessed_pseudogene
ENSG00000181322	10.1027615274182	-1.22267892291856	0.420416243163731	-2.90825804854164	0.00363448296538651	0.0170389376187762	NME9	protein_coding
ENSG00000198001	76.635030962907	-3.10927358294016	1.07393190005982	-2.89522415971344	0.00378887862544592	0.017595497091682	IRAK4	protein_coding
ENSG00000183439	11.6393044108321	-2.59919363668299	0.899002373474768	-2.89119774693892	0.0038377655487761	0.0177552947491767	TRIM61	protein_coding
ENSG00000198003	8.27942324782327	-1.07594314593929	0.372612007304048	-2.88756971017665	0.00388230567324179	0.0179042802813033	CCDC151	protein_coding
ENSG00000108439	78.4028503242541	-1.10549680258636	0.383245599899115	-2.8845648922711	0.00391954969413803	0.0180544615544634	PNPO	protein_coding
ENSG00000113319	41.2840359833999	-1.33549435042463	0.46380945025458	-2.87940306022569	0.00398428765699798	0.018319335248176	RASGRF2	protein_coding
ENSG00000066032	278.298083928786	-1.43889825839662	0.49984965268094	-2.8786621150562	0.00399365960639272	0.018356905611104	CTNNA2	protein_coding
ENSG00000198785	12.609422217629	-1.16517979835006	0.405216388188772	-2.87545082655259	0.00403450983202892	0.0185112804057797	GRIN3A	protein_coding
ENSG00000237037	12.8025010292523	-1.05326403402024	0.367874033141245	-2.86311057354745	0.00419504137799148	0.0191101884942592	NDUFA6-AS1	processed_transcript
ENSG00000267023	28.1437018952798	-1.0896405076502	0.382044290185058	-2.85213137754891	0.00434271481175475	0.0196657061736098	LRRC37A16P	transcribed_unprocessed_pseudogene
ENSG00000114115	268.715975549649	-1.04332537809322	0.367466670340656	-2.83923811954432	0.00452213972047634	0.0203217142994246	RBP1	protein_coding
ENSG00000274292	9.37157601724629	-1.0451628124331	0.368382524293569	-2.83716719308921	0.00455157706522882	0.0204359794928688	AC084018.2	lincRNA
ENSG00000164627	19.8210014661115	-1.00109634667711	0.354182342168116	-2.82649987729183	0.00470597620857894	0.020999697687319	KIF6	protein_coding
ENSG00000275202	9.33914622885601	-1.22662204056201	0.434212724697	-2.82493342731485	0.00472904404394474	0.021096476610396	AL161421.1	antisense
ENSG00000231856	12.4306419069021	-1.01984753082988	0.361389414675809	-2.82201827008341	0.00477224584640721	0.0212581860430867	AL162377.1	antisense
ENSG00000135502	10.9635158374725	-1.12816455203157	0.401816863911878	-2.80765854635454	0.00499031082832774	0.0220751944280887	SLC26A10	protein_coding
ENSG00000150672	56.5190457628461	-1.26701809196118	0.451341089368011	-2.80722965802941	0.00499696027788103	0.0220918243864214	DLG2	protein_coding
ENSG00000111834	26.3411139036383	-1.90461339530797	0.68035638437247	-2.79943488303516	0.00511921405405931	0.022521595527614	RSPH4A	protein_coding
ENSG00000130055	45.994357910619	-1.85479851846207	0.666425731450461	-2.78320363534754	0.00538250116839041	0.0234052336551112	GDPD2	protein_coding
ENSG00000139899	13.5343453011196	-1.3255522692212	0.477882297770776	-2.77380492101222	0.00554048908541878	0.0239138896493174	CBLN3	protein_coding
ENSG00000153993	55.0514133067071	-1.66755194260294	0.60159567825838	-2.77188151921322	0.00557333182109588	0.0240081986139515	SEMA3D	protein_coding
ENSG00000182674	6.63421665186267	-1.38789153256835	0.505380995358026	-2.74622818292786	0.00602848181694246	0.0255725388505595	KCNB2	protein_coding
ENSG00000203799	15.7603563901442	-1.17206091061686	0.429344272830397	-2.72988597912392	0.00633562341840073	0.0265658285300358	CCDC162P	transcribed_unitary_pseudogene
ENSG00000263412	20.6731018368136	-1.0048379146228	0.370527907765194	-2.71190885642971	0.00668969841912474	0.0276635405549308	AC004477.1	processed_transcript
ENSG00000023839	80.9830879279526	-2.10213445844231	0.781199313968632	-2.69090668777356	0.00712581229368154	0.0291126184783013	ABCC2	protein_coding
ENSG00000237517	16.9673532402496	-1.55971468008506	0.580437593192517	-2.68713587537694	0.00720676299628269	0.0293648701191817	DGCR5	transcribed_unprocessed_pseudogene
ENSG00000196074	28.0513650312822	-1.16588189715804	0.436371549743366	-2.67176422900096	0.00754536423918121	0.0304362872001589	SYCP2	protein_coding
ENSG00000166106	432.304414458737	-1.52592076636524	0.573845385780986	-2.65911481415593	0.00783462589441339	0.031297559622104	ADAMTS15	protein_coding
ENSG00000245275	9.3430236533422	-1.19360303525971	0.449531958952865	-2.65521285303069	0.00792583796407861	0.0315761927428802	SAP30L-AS1	antisense
ENSG00000276846	8.86647779991782	-1.02637344019456	0.389572246935384	-2.63461642421567	0.00842324111996059	0.0331210160087339	AC016590.3	antisense
ENSG00000225548	12.1612777667267	-1.23388816228962	0.469616220537703	-2.62743940334267	0.00860301630030406	0.0336031970360369	LINC01980	lincRNA
ENSG00000275322	14.1551694383909	-1.16945829089065	0.44938195906336	-2.60237036067965	0.00925818105333906	0.0355715184577651	AC103746.1	lincRNA
ENSG00000198416	9.77909081774222	-1.07877297373522	0.417887535375608	-2.5814911487264	0.00983745140007616	0.0372541384702413	ZNF658B	transcribed_unprocessed_pseudogene
ENSG00000228624	11.2507869975177	-1.01175286796476	0.392991855297408	-2.57448813334588	0.0100388530140102	0.0378480850501082	HDAC2-AS2	antisense
ENSG00000128594	601.97910087515	-1.46504601681123	0.570745689151465	-2.56689808553672	0.0102612766308409	0.0385346099563489	LRRC4	protein_coding
ENSG00000111249	127.497332078337	-1.74620396942046	0.683203026862359	-2.55590783524479	0.0105911166979532	0.0394622290641474	CUX2	protein_coding
ENSG00000224383	8.60247132843084	-1.09135029747822	0.427327249599826	-2.5538982091599	0.0106524393196475	0.0396496504092894	PRR29	protein_coding
ENSG00000267128	15.8065481320416	-1.13818944151277	0.448941578197643	-2.53527295485137	0.0112359738250501	0.0412577739244497	RNF157-AS1	antisense
ENSG00000112139	414.734160073501	-1.42090548470229	0.560590429724457	-2.53465883354573	0.0112556887343166	0.041298432341239	MDGA1	protein_coding
ENSG00000277476	13.4193252231615	-1.2551621886861	0.498992740775488	-2.51539168031873	0.011890020774514	0.043097992996964	AC005332.6	lincRNA
ENSG00000267184	9.70408096576445	-1.09663346535027	0.43639643926655	-2.51292945284655	0.0119733275604708	0.0433449929077375	AC002545.1	processed_pseudogene
ENSG00000184564	52.1827302032153	-1.40358851328173	0.566647440783607	-2.47700494568674	0.0132490066074702	0.0469846469531443	SLITRK6	protein_coding
